dataset,frame,repeat,milliseconds,n_points
kitti_mini,000001,0,37.882608,120268
kitti_mini,000001,1,37.71236,120268
kitti_mini,000001,2,38.033509,120268
kitti_mini,000001,3,38.830783,120268
kitti_mini,000001,4,38.105371,120268
kitti_mini,000001,5,38.699964,120268
kitti_mini,000001,6,38.050621,120268
kitti_mini,000001,7,38.393055,120268
kitti_mini,000001,8,38.433074,120268
kitti_mini,000001,9,39.182436,120268
kitti_mini,000001,10,38.013736,120268
kitti_mini,000001,11,37.73304,120268
kitti_mini,000001,12,37.803317,120268
kitti_mini,000001,13,38.193043,120268
kitti_mini,000001,14,37.935525,120268
kitti_mini,000001,15,38.081219,120268
kitti_mini,000001,16,38.638669,120268
kitti_mini,000001,17,38.01595,120268
kitti_mini,000001,18,38.306202,120268
kitti_mini,000001,19,37.990893,120268
kitti_mini,000001,20,38.016026,120268
kitti_mini,000001,21,38.116906,120268
kitti_mini,000001,22,37.945151,120268
kitti_mini,000001,23,38.099706,120268
kitti_mini,000001,24,38.460377,120268
kitti_mini,000001,25,38.448823,120268
kitti_mini,000001,26,38.744228,120268
kitti_mini,000001,27,37.702921,120268
kitti_mini,000001,28,39.527983,120268
kitti_mini,000001,29,39.923958,120268
nuscenes_mini_subset,scene-0103_000,0,4.480012,34752
nuscenes_mini_subset,scene-0103_000,1,3.823489,34752
nuscenes_mini_subset,scene-0103_000,2,3.997944,34752
nuscenes_mini_subset,scene-0103_000,3,3.925907,34752
nuscenes_mini_subset,scene-0103_000,4,3.849952,34752
nuscenes_mini_subset,scene-0103_000,5,3.880571,34752
nuscenes_mini_subset,scene-0103_000,6,4.002297,34752
nuscenes_mini_subset,scene-0103_000,7,3.940955,34752
nuscenes_mini_subset,scene-0103_000,8,3.822243,34752
nuscenes_mini_subset,scene-0103_000,9,3.989635,34752
nuscenes_mini_subset,scene-0103_000,10,3.814825,34752
nuscenes_mini_subset,scene-0103_000,11,3.872024,34752
nuscenes_mini_subset,scene-0103_000,12,3.899989,34752
nuscenes_mini_subset,scene-0103_000,13,4.094365,34752
nuscenes_mini_subset,scene-0103_000,14,4.132235,34752
nuscenes_mini_subset,scene-0103_000,15,3.868025,34752
nuscenes_mini_subset,scene-0103_000,16,3.806336,34752
nuscenes_mini_subset,scene-0103_000,17,3.815548,34752
nuscenes_mini_subset,scene-0103_000,18,3.850178,34752
nuscenes_mini_subset,scene-0103_000,19,3.804432,34752
nuscenes_mini_subset,scene-0103_000,20,3.827864,34752
nuscenes_mini_subset,scene-0103_000,21,3.794459,34752
nuscenes_mini_subset,scene-0103_000,22,3.985946,34752
nuscenes_mini_subset,scene-0103_000,23,4.007134,34752
nuscenes_mini_subset,scene-0103_000,24,3.874693,34752
nuscenes_mini_subset,scene-0103_000,25,3.845123,34752
nuscenes_mini_subset,scene-0103_000,26,3.814164,34752
nuscenes_mini_subset,scene-0103_000,27,3.763873,34752
nuscenes_mini_subset,scene-0103_000,28,4.098885,34752
nuscenes_mini_subset,scene-0103_000,29,3.792654,34752
