dataset,config,factor,value,unit,frames,fov_micro,fov_macro,displacement_px_micro,displacement_px_macro,coverage_micro,coverage_macro,association_micro,association_macro,eligible_objects,edge_score_macro,score_coverage_micro,score_coverage_macro
kitti_mini,zero,zero,0.0,none,20,0.15739560813939504,0.1575434658604215,0.0,0.0,1.0,1.0,0.995645032848895,0.9914165141690472,111,0.004862130442886981,0.15927734375,0.15927734375
kitti_mini,yaw_-3,yaw,-3.0,deg,20,0.1571718372137754,0.15731061799757748,45.834762608814756,45.83058903508561,0.9602906252329582,0.9603425341984968,0.7492783197292455,0.3662728372397831,111,0.004696677517063584,0.15906982421875,0.15906982421875
kitti_mini,yaw_-2,yaw,-2.0,deg,20,0.15725606559589067,0.15739961746982564,30.701440355880347,30.698111857022997,0.973658427492785,0.973676944210759,0.8422257614971133,0.5103332003771485,111,0.004728067214678702,0.159326171875,0.159326171875
kitti_mini,yaw_-1,yaw,-1.0,deg,20,0.15730425596376754,0.15745270364371836,15.4237235233776,15.422060881275566,0.9866401848755604,0.9866598768115411,0.9451771849492335,0.7782895866531006,111,0.004776381318038651,0.1592529296875,0.1592529296875
kitti_mini,yaw_-0.5,yaw,-0.5,deg,20,0.1573277225776902,0.15747733956022347,7.731128631875606,7.730273824980398,0.9932082725423584,0.9932247486719209,0.9827792156082023,0.9250655715659245,111,0.004875531139790798,0.15926513671875,0.15926513671875
kitti_mini,yaw_+0.5,yaw,0.5,deg,20,0.1574655889344858,0.15761231614297422,7.7318895286104405,7.730994376641431,0.993690163044057,0.9936931506735045,0.9719788970734621,0.8927048698279894,111,0.004856895635020691,0.1592529296875,0.1592529296875
kitti_mini,yaw_+1,yaw,1.0,deg,20,0.15749785552862947,0.15764450610280317,15.424226074150393,15.422495814761252,0.9872259081372935,0.9872352622769236,0.9284789966155684,0.731111455689533,111,0.004814928669307425,0.15953369140625,0.15953369140625
kitti_mini,yaw_+2,yaw,2.0,deg,20,0.1575141983490399,0.15766109795804661,30.695898873677503,30.69263364671942,0.9742441507545181,0.9742610040111446,0.8391897272546287,0.5085532832091989,111,0.0048125689114907,0.15938720703125,0.15938720703125
kitti_mini,yaw_+3,yaw,3.0,deg,20,0.15759675054444638,0.1577397601830385,45.82187473656032,45.81727321816179,0.9611558982332457,0.9611819700395795,0.7591827593071869,0.38545000171942406,111,0.004904770986183245,0.15958251953125,0.15958251953125
kitti_mini,pitch_-3,pitch,-3.0,deg,20,0.1796302248311137,0.17980306861930911,39.31590363067879,39.3183128485746,0.9996086303660238,0.9996109802328293,0.7247411905235914,0.3456401940258472,111,0.003947910318138694,0.18145751953125,0.18145751953125
kitti_mini,pitch_-2,pitch,-2.0,deg,20,0.1723065460538584,0.1724707782613492,26.25280350616131,26.25442345769257,0.9997657106953067,0.9997677294584173,0.826697192912602,0.5201110251564717,111,0.004223104353800147,0.1739013671875,0.1739013671875
kitti_mini,pitch_-1,pitch,-1.0,deg,20,0.16499711486362753,0.1651526048122767,13.150594008862633,13.151412694928549,0.9999014919968904,0.9999031108740495,0.9289020505673901,0.8111818599442817,111,0.004366550994586999,0.16673583984375,0.16673583984375
kitti_mini,pitch_-0.5,pitch,-0.5,deg,20,0.16164767477284528,0.16179884544611473,6.581929275893522,6.582341209720434,0.9999627267015261,0.9999633488226725,0.9711327891698188,0.9303627345639045,111,0.004594382636862179,0.1634521484375,0.1634521484375
kitti_mini,pitch_+0.5,pitch,0.5,deg,20,0.15365687368550296,0.15380139533621934,6.583121504808537,6.583520034450454,0.9762089860597863,0.976179529594704,0.9649860641051164,0.8850168493814159,111,0.0050998540508517525,0.15557861328125,0.15557861328125
kitti_mini,pitch_+1,pitch,1.0,deg,20,0.15005642463508367,0.15019708220809308,13.156147875015487,13.156911578057384,0.9533285055537215,0.9532687261697607,0.9172556241290065,0.7339836092072362,111,0.005329370575753382,0.15196533203125,0.15196533203125
kitti_mini,pitch_+2,pitch,2.0,deg,20,0.1425881747541977,0.1427204563767685,26.272745775982777,26.274152724698155,0.9058689470825657,0.9057530404085246,0.802160063706948,0.5170054400292812,111,0.005783613530711334,0.14437255859375,0.14437255859375
kitti_mini,pitch_+3,pitch,3.0,deg,20,0.13491040153471656,0.1350361240330057,39.35594009663038,39.35787493808933,0.8570861865155855,0.8569321813685867,0.6745221978897074,0.36090370218933876,111,0.006395346966206708,0.13634033203125,0.13634033203125
kitti_mini,roll_-3,roll,-3.0,deg,20,0.15753515068289942,0.15768207231368722,15.622523375385002,15.61490700445854,0.9758495649673592,0.9758260519709013,0.9255922755325503,0.862300748419514,111,0.004901148758868443,0.15943603515625,0.15943603515625
kitti_mini,roll_-2,roll,-2.0,deg,20,0.15759884577783234,0.15774631515180432,10.45586117172423,10.450870598740273,0.9837275428376695,0.9837177835626912,0.9561019311168625,0.9189428937950225,111,0.0048952042271866985,0.1593017578125,0.1593017578125
kitti_mini,roll_-1,roll,-1.0,deg,20,0.1573105416639254,0.1574576220035038,5.249799627151078,5.247284708624954,0.9918451347695978,0.9918398119516778,0.9795938682062513,0.9688985615937376,111,0.00482336338354735,0.1590576171875,0.1590576171875
kitti_mini,roll_-0.5,roll,-0.5,deg,20,0.1573281416243674,0.1574756801246769,2.6304082096609234,2.629151560389894,0.9959025995463308,0.995899770893009,0.9894983077841927,0.9823766922198559,111,0.004848913292718492,0.15908203125,0.15908203125
kitti_mini,roll_+0.5,roll,0.5,deg,20,0.15743248424698777,0.1575799215392711,2.6304213692398033,2.629183098838591,0.9961981235556597,0.9961974436824983,0.9923352578140553,0.9847616900327409,111,0.00481872009328641,0.15926513671875,0.15926513671875
kitti_mini,roll_+1,roll,1.0,deg,20,0.15742536045347555,0.1575734750965207,5.2497334019830735,5.247321803479428,0.9923403371636085,0.9923439749234054,0.9825303603424248,0.9631201179749138,111,0.00488255906386377,0.1593017578125,0.1593017578125
kitti_mini,roll_+2,roll,2.0,deg,20,0.15735160823829006,0.1574978882328854,10.454899887630713,10.450353882492566,0.9843957998317376,0.98440848248809,0.9579932311367708,0.9271792763409447,111,0.004872220466255323,0.15926513671875,0.15926513671875
kitti_mini,roll_+3,roll,3.0,deg,20,0.1577136645673825,0.15786283376911814,15.61836640356598,15.611852961518238,0.9765098348260401,0.9765251995326268,0.9245719689428629,0.8724500189268518,111,0.004871967773876604,0.1595947265625,0.1595947265625
kitti_mini,x_-0.1,x,-0.1,m,20,0.15479123304065717,0.1549391334692906,2.9718695121100374,2.978330302068449,0.9834533178560398,0.9834266782376624,0.977105315548477,0.9773565314093955,111,0.004822849713601898,0.15631103515625,0.15631103515625
kitti_mini,x_-0.05,x,-0.05,m,20,0.15611206816716108,0.1562603743683692,1.4994692713472193,1.5024940515565504,0.9918451347695978,0.991835366019313,0.9864622735417081,0.984852123882088,111,0.0048504221490039065,0.15789794921875,0.15789794921875
kitti_mini,x_-0.02,x,-0.02,m,20,0.1569036473403736,0.15705153508936237,0.6033161913855839,0.6044681047370282,0.9968743676851152,0.9968691473161562,0.9921112880748557,0.9889031869496349,111,0.004872555303642069,0.15880126953125,0.15880126953125
kitti_mini,x_+0.02,x,0.02,m,20,0.15793492121293898,0.15808151066738763,0.6038560821177325,0.60496654507271,1.0,1.0,0.9972128210232929,0.9927479496141777,111,0.004836426394635733,0.159765625,0.159765625
kitti_mini,x_+0.05,x,0.05,m,20,0.159068861521416,0.15921685808476255,1.503597544749557,1.506340148663544,1.0,1.0,0.9970883933904041,0.9925745483263185,111,0.004876835353196449,0.1608642578125,0.1608642578125
kitti_mini,x_+0.1,x,0.1,m,20,0.16067255315502338,0.16082090259591514,2.987321385027423,2.9926973840199436,1.0,1.0,0.9964662552259606,0.991861223366716,111,0.004928975051886352,0.16251220703125,0.16251220703125
kitti_mini,y_-0.1,y,-0.1,m,20,0.15734657967816376,0.1574995883931361,6.584707498493928,6.599047558834812,0.9953088891492103,0.9953289205674105,0.9908670117459686,0.9823541806226235,111,0.004824381021694043,0.15911865234375,0.15911865234375
kitti_mini,y_-0.05,y,-0.05,m,20,0.15736166535854262,0.15751246560461848,3.2981608999823764,3.30510343561465,0.9976171712761313,0.9976275905589406,0.9943260999402748,0.9892598189200287,111,0.004878635421696485,0.1591552734375,0.1591552734375
kitti_mini,y_-0.02,y,-0.02,m,20,0.15738094150569337,0.15752986099730848,1.3207976652708748,1.3235116767735162,0.9990921289443137,0.9990946615331412,0.9955454907425841,0.992072048810667,111,0.004858704929398839,0.15928955078125,0.15928955078125
kitti_mini,y_+0.02,y,0.02,m,20,0.15741237000648264,0.15755982847012354,1.3207596856695991,1.3234640116497434,0.999100116079701,0.9990958442065846,0.9936293051960979,0.9894189445543476,111,0.0048300856912985805,0.1592041015625,0.1592041015625
kitti_mini,y_+0.05,y,0.05,m,20,0.15743457948037373,0.15758044676591115,3.2984838644552164,3.3053375217084238,0.9978408110669748,0.9978336908634813,0.9892494525184153,0.9836918892434622,111,0.004837536570278095,0.1592529296875,0.1592529296875
kitti_mini,y_+0.1,y,0.1,m,20,0.15745636990758763,0.1575998357277278,6.584835546515305,6.5988394642124275,0.9956816221339496,0.9956617802128214,0.9799173800517619,0.9695582594110669,111,0.0048215052183143755,0.1592529296875,0.1592529296875
kitti_mini,z_-0.1,z,-0.1,m,20,0.1512603457386515,0.1514008890724583,6.357686240072766,6.371796774845741,0.9610147921747372,0.96090169717781,0.9574706350786383,0.9582450429304185,111,0.004944448463617751,0.1533935546875,0.1533935546875
kitti_mini,z_-0.05,z,-0.05,m,20,0.15413291071079116,0.15427618209413058,3.240017009100194,3.2467231081685517,0.979270721291573,0.9792037603924804,0.9776776826597651,0.9781545323847217,111,0.004891874045341906,0.155908203125,0.155908203125
kitti_mini,z_-0.02,z,-0.02,m,20,0.15633416290607194,0.15648063450691546,1.3140494964842715,1.3167348838012656,0.993256195354682,0.9932363562165871,0.9888263985665937,0.9867097980040964,111,0.004873851550031037,0.1582275390625,0.1582275390625
kitti_mini,z_+0.02,z,0.02,m,20,0.15899049979278143,0.15913965857282947,1.3232829427768038,1.325964467150666,1.0,1.0,0.9969390802309377,0.9915649768916992,111,0.004853767810597974,0.1608642578125,0.1608642578125
kitti_mini,z_+0.05,z,0.05,m,20,0.16108531413205585,0.16123504203472927,3.3081039574737354,3.3148067305023923,1.0,1.0,0.9926836551861438,0.9869628538089218,111,0.004793948676381302,0.16292724609375,0.16292724609375
kitti_mini,z_+0.1,z,0.1,m,20,0.1646229061808966,0.16477764303389464,6.615806161329971,6.629208389397671,0.9999893504861503,0.9999895984040055,0.974019510252837,0.9702938141410692,111,0.004651063418290638,0.16636962890625,0.16636962890625
nuscenes_mini_subset,zero,zero,0.0,none,80,0.08726612094888073,0.08726873938445637,0.0,0.0,1.0,1.0,0.9993929024780617,0.998777458902078,453,0.019677310950605244,0.086932373046875,0.086932373046875
nuscenes_mini_subset,yaw_-3,yaw,-3.0,deg,80,0.08735144935884881,0.08735382280316865,77.0442404005605,77.04507158392309,0.9470381463970097,0.9470208531665787,0.7336497599205254,0.43121033742588993,453,0.019501816709833114,0.087054443359375,0.087054443359375
nuscenes_mini_subset,yaw_-2,yaw,-2.0,deg,80,0.08734208843623628,0.08734451760138491,51.551845903905786,51.552736269043216,0.9646879718790999,0.9646683188139283,0.8378497709586622,0.5844459647065663,453,0.019427380629425908,0.0869964599609375,0.0869964599609375
nuscenes_mini_subset,yaw_-1,yaw,-1.0,deg,80,0.08728484279410578,0.08728737889653009,25.874743955613948,25.87548393263844,0.982407934582601,0.9823866034390282,0.9426568795187372,0.8265136920413572,453,0.019520383148021757,0.0870086669921875,0.0870086669921875
nuscenes_mini_subset,yaw_-0.5,yaw,-0.5,deg,80,0.08727008133921679,0.08727266037640032,12.962536635304378,12.962950437527635,0.9911709615400484,0.9911533991279174,0.9821182184447266,0.9511692355360447,453,0.01959620223675858,0.08692626953125,0.08692626953125
nuscenes_mini_subset,yaw_+0.5,yaw,0.5,deg,80,0.08723299768425176,0.0872356785564328,12.963155934535257,12.963621327097565,0.9910224356594136,0.9909506412638021,0.9830564600695403,0.9646264928973663,453,0.019646515714906748,0.087054443359375,0.087054443359375
nuscenes_mini_subset,yaw_+1,yaw,1.0,deg,80,0.08723443782619215,0.08723716049867722,25.876645932445165,25.877503325043243,0.9820572484755469,0.9819297460381684,0.9443126000331145,0.8570464477436991,453,0.01955976784694411,0.08704833984375,0.08704833984375
nuscenes_mini_subset,yaw_+2,yaw,2.0,deg,80,0.08717575204212127,0.08717850648094973,51.55407310342056,51.55549741783252,0.9636152849634049,0.963375258036038,0.835421380870909,0.6118053740500096,453,0.019421660952886992,0.0868988037109375,0.0868988037109375
nuscenes_mini_subset,yaw_+3,yaw,3.0,deg,80,0.08711742629353549,0.08712021552404074,77.04697987691696,77.0486640680013,0.9453713559587759,0.9450266720391983,0.726861305811579,0.4482049023131394,453,0.01947788134818239,0.08697509765625,0.08697509765625
nuscenes_mini_subset,pitch_-3,pitch,-3.0,deg,80,0.08679267428597763,0.08679536456332075,24.18443923079708,24.231050867191875,0.9786576560965748,0.9785004182342011,0.9464098460179922,0.9002252216636328,453,0.0195839860565929,0.0864837646484375,0.0864837646484375
nuscenes_mini_subset,pitch_-2,pitch,-2.0,deg,80,0.08707962256760027,0.08708228191165733,16.195506551986306,16.226688795539154,0.9858611613073578,0.9857633123682126,0.9723494674099012,0.9492176642902096,453,0.01958699397819565,0.086737060546875,0.086737060546875
nuscenes_mini_subset,pitch_-1,pitch,-1.0,deg,80,0.08719663410025692,0.08719926775587046,8.124550936219809,8.140169006110758,0.9921941398288652,0.9921393827870169,0.9913902533252387,0.9815091867153569,453,0.01961909105367332,0.0868377685546875,0.0868377685546875
nuscenes_mini_subset,pitch_-0.5,pitch,-0.5,deg,80,0.08720635505835456,0.0872089728350273,4.070680878472488,4.078498417515005,0.9959072868447327,0.9958763623029574,0.997295656493184,0.9938023035761198,453,0.0197536014981284,0.0868316650390625,0.0868316650390625
nuscenes_mini_subset,pitch_+0.5,pitch,0.5,deg,80,0.08737233141698446,0.08737493434654889,4.074126027379939,4.08194688932908,0.9969882251982408,0.9969802575772736,0.9977923726474971,0.9927548912671306,453,0.019537487782793683,0.0870086669921875,0.0870086669921875
nuscenes_mini_subset,pitch_+1,pitch,1.0,deg,80,0.08741049517840478,0.08741307914142366,8.136809012466484,8.152394626065728,0.9941992392174336,0.9941794800488362,0.9938738340968044,0.9786069785687697,453,0.019371923710081135,0.0869964599609375,0.0869964599609375
nuscenes_mini_subset,pitch_+2,pitch,2.0,deg,80,0.08735720992661036,0.08735980569929472,16.215226849018396,16.24656705812153,0.9878291292257676,0.9877771519523373,0.97339809040234,0.9288210767176204,453,0.019309605721839727,0.0869415283203125,0.0869415283203125
nuscenes_mini_subset,pitch_+3,pitch,3.0,deg,80,0.08740689482355381,0.08740947641810526,24.236630717094847,24.283612072473545,0.9816405508659884,0.9815565753885359,0.9378000993432308,0.869034893155647,453,0.01934168645905803,0.0871429443359375,0.0871429443359375
nuscenes_mini_subset,roll_-3,roll,-3.0,deg,80,0.07587531827136883,0.07587781959282694,70.71271942324387,70.708859348925,0.8683318068173379,0.8676041883166509,0.655996467796236,0.3751327330367856,453,0.021838035040157047,0.07568359375,0.07568359375
nuscenes_mini_subset,roll_-2,roll,-2.0,deg,80,0.0796045658260078,0.07960715562171888,47.32713923209342,47.32227206865113,0.9113506778556163,0.9107328558030021,0.7982780506650478,0.5512803131976061,453,0.02102833402701704,0.0792877197265625,0.0792877197265625
nuscenes_mini_subset,roll_-1,roll,-1.0,deg,80,0.08343750360035485,0.08344010845238051,23.76602141927572,23.76261274884617,0.9556113902847572,0.9552402559831255,0.9205806059937083,0.7952043778243215,453,0.020335227264683696,0.0831268310546875,0.0831268310546875
nuscenes_mini_subset,roll_-0.5,roll,-0.5,deg,80,0.08523732099035682,0.0852398531817528,11.907782016165223,11.906526256245694,0.9765081565462782,0.9764300034939618,0.9719631326232132,0.917702326028792,453,0.019924976098102298,0.0848846435546875,0.0848846435546875
nuscenes_mini_subset,roll_+0.5,roll,0.5,deg,80,0.0886882611150155,0.08869090482378125,11.92456433584365,11.922746431622556,0.9997524568656089,0.9997514214444345,0.9940394061482422,0.9944761454941241,453,0.018827291678455028,0.0882659912109375,0.0882659912109375
nuscenes_mini_subset,roll_+1,roll,1.0,deg,80,0.09057124670207496,0.09057376254581596,23.825134878137238,23.821153371956882,0.9995544223580959,0.9995528965097172,0.9570616479938187,0.9297742956549484,453,0.018462838792561477,0.0901580810546875,0.0901580810546875
nuscenes_mini_subset,roll_+2,roll,2.0,deg,80,0.09435269940205307,0.09435528693558634,47.56331950218023,47.553975038736965,0.9989644445544636,0.9989661395107602,0.8603123792703792,0.7490234582894438,453,0.017632815111472865,0.093963623046875,0.093963623046875
nuscenes_mini_subset,roll_+3,roll,3.0,deg,80,0.09785908499141675,0.09786179565543926,71.2324792263074,71.2163988614262,0.9982300665891032,0.998232802198298,0.7163750758871903,0.4645972886001078,453,0.016843360981044612,0.0976104736328125,0.0976104736328125
nuscenes_mini_subset,x_-0.1,x,-0.1,m,80,0.08728484279410578,0.08728746154566087,11.540747616328414,11.614169469127779,0.9939764503964816,0.993903196693546,0.9879684309288592,0.9862186853458178,453,0.01965645059417745,0.087030029296875,0.087030029296875
nuscenes_mini_subset,x_-0.05,x,-0.05,m,80,0.08727944226182932,0.08728206257745089,5.778639376557113,5.815167212062848,0.9969964766360538,0.9969570960395252,0.9945913129863679,0.993838810227736,453,0.019675321696096412,0.08697509765625,0.08697509765625
nuscenes_mini_subset,x_-0.02,x,-0.02,m,80,0.08725892023917878,0.0872615338739407,2.3134897546348805,2.3280387489152874,0.9987334042956986,0.9987194682355331,0.9979579446989348,0.9977207801871866,453,0.01966686428964618,0.086920166015625,0.086920166015625
nuscenes_mini_subset,x_+0.02,x,0.02,m,80,0.08724991935205134,0.08725254831288796,2.3133113660945273,2.3278554028575185,0.9986550156364746,0.9986286632785601,0.9970748937579337,0.9948078605528715,453,0.01968337422411535,0.0869659423828125,0.0869659423828125
nuscenes_mini_subset,x_+0.05,x,0.05,m,80,0.08725892023917878,0.08726154100532016,5.779235131865835,5.815604223735737,0.9968644536310453,0.9968342745761806,0.9947568850378056,0.9904905211579712,453,0.01960141862867288,0.0869110107421875,0.0869110107421875
nuscenes_mini_subset,x_+0.1,x,0.1,m,80,0.08723803818104313,0.08724066809151057,11.542807124678221,11.615854376010976,0.9936587700406796,0.993580465743961,0.9887411005022352,0.9798702624147325,453,0.0195888178792596,0.08697509765625,0.08697509765625
nuscenes_mini_subset,y_-0.1,y,-0.1,m,80,0.08520383769024276,0.08520639589539988,4.197799991628864,4.23130537961543,0.9763678821034565,0.97632286732442,0.9872509520392958,0.9836299257240685,453,0.019550536736896794,0.08489990234375,0.08489990234375
nuscenes_mini_subset,y_-0.05,y,-0.05,m,80,0.08628106386165421,0.08628370040002911,2.126175636807866,2.1428094028184823,0.9887120330717628,0.9886567338104619,0.9927148297367404,0.9902978596453605,453,0.019654414422369766,0.085968017578125,0.085968017578125
nuscenes_mini_subset,y_-0.02,y,-0.02,m,80,0.08689528439923039,0.08689790023088939,0.857185785580523,0.8637954676339419,0.995750509526285,0.9957269923607921,0.9964126055521828,0.9946632388140686,453,0.019670642304324474,0.086572265625,0.086572265625
nuscenes_mini_subset,y_+0.02,y,0.02,m,80,0.08761139497908914,0.08761400980070425,0.8591349872712793,0.8656996628066269,1.0,1.0,1.0,1.0,453,0.01969420628227435,0.087255859375,0.087255859375
nuscenes_mini_subset,y_+0.05,y,0.05,m,80,0.08807980114520086,0.08808241896193446,2.1391111017345423,2.1554353958612276,1.0,1.0,1.0,1.0,453,0.019672981870335567,0.0877288818359375,0.0877288818359375
nuscenes_mini_subset,y_+0.1,y,0.1,m,80,0.08889960194476768,0.08890221323972881,4.249503933191353,4.28186531613441,1.0,1.0,0.9998896186323749,0.9995986353602248,453,0.01961080243261157,0.088555908203125,0.088555908203125
nuscenes_mini_subset,z_-0.1,z,-0.1,m,80,0.08364092364943489,0.08364356698725553,10.985995743760745,11.058128375924728,0.9584581363302556,0.9580284745563734,0.9869198079364203,0.9734535765640363,453,0.019428007775719496,0.083282470703125,0.083282470703125
nuscenes_mini_subset,z_-0.05,z,-0.05,m,80,0.08529924709379356,0.0853017829966656,5.643686557898068,5.681030467628642,0.9774611976136842,0.9773833908132081,0.9942049781996799,0.9911322793317708,453,0.01960930885855338,0.0849517822265625,0.0849517822265625
nuscenes_mini_subset,z_-0.02,z,-0.02,m,80,0.08629798552945378,0.086300611754175,2.293970407806515,2.308840740174805,0.9889059418603692,0.9889074504530327,0.9986754235884983,0.998045074002851,453,0.019719473699094076,0.0859893798828125,0.0859893798828125
nuscenes_mini_subset,z_+0.02,z,0.02,m,80,0.08793470684470661,0.08793733809169332,2.328837136427254,2.343632593088665,1.0,1.0,0.9992825211104366,0.9988544932623025,453,0.019527098510295327,0.087530517578125,0.087530517578125
nuscenes_mini_subset,z_+0.05,z,0.05,m,80,0.08869906217956842,0.08870170370375241,5.821251995994186,5.858224843733582,1.0,1.0,0.9967989403388708,0.9979738124251103,453,0.019269595860462514,0.08826904296875,0.08826904296875
nuscenes_mini_subset,z_+0.1,z,0.1,m,80,0.0906760170282383,0.09067856113943747,11.639702774662766,11.713595864124345,1.0,1.0,0.9931011645234284,0.9971058093534451,453,0.019393454603998495,0.0902862548828125,0.0902862548828125
synthetic,zero,zero,0.0,none,5,0.15361278941941423,0.15307833372207177,0.0,0.0,1.0,1.0,0.9968076616121309,0.9987700228832953,10,0.022940779511434042,0.151904296875,0.151904296875
synthetic,yaw_-3,yaw,-3.0,deg,5,0.1500251391173187,0.14954435153531562,44.45433370709647,44.394518902199195,0.9578941528902696,0.9589709906503406,0.5977653631284916,0.44181050749179035,10,0.02380684870184392,0.148046875,0.148046875
synthetic,yaw_-2,yaw,-2.0,deg,5,0.15138009493212437,0.1508784359396526,29.787295594738694,29.746871689582726,0.9717075335626317,0.9723146171247098,0.7118914604948124,0.5984922832361249,10,0.02381890148787178,0.14921875,0.14921875
synthetic,yaw_-1,yaw,-1.0,deg,5,0.15261574646134968,0.15209225824318948,14.978259479405892,14.957655924116924,0.9866858981471208,0.9868195344493339,0.8435754189944135,0.769379543696309,10,0.023022342484406315,0.151025390625,0.151025390625
synthetic,yaw_-0.5,yaw,-0.5,deg,5,0.15316113748114565,0.15262763384889508,7.50641759151237,7.496103275498664,0.9932874736491735,0.9931929753923072,0.9122106943335994,0.8543810832737504,10,0.023127975892688158,0.1517578125,0.1517578125
synthetic,yaw_+0.5,yaw,0.5,deg,5,0.15425191952073763,0.15370349474070552,7.51183892639059,7.502556417366802,0.9960612448685232,0.9956614151186782,0.9577015163607342,0.8905132144743128,10,0.023500148277467114,0.15263671875,0.15263671875
synthetic,yaw_+1,yaw,1.0,deg,5,0.15478026707116502,0.154233728670379,14.998317779918244,14.980578466822525,0.9926772439809165,0.9922270591503933,0.9098164405426975,0.807051742638615,10,0.023232322619788342,0.152978515625,0.152978515625
synthetic,yaw_+2,yaw,2.0,deg,5,0.15583696217201973,0.15528981272966136,29.8913663622196,29.858025027653802,0.9856873405081549,0.9850371571893131,0.7980845969672785,0.6288971652198029,10,0.023280455551561066,0.15458984375,0.15458984375
synthetic,yaw_+3,yaw,3.0,deg,5,0.15737087441519595,0.15682698448187715,44.71851206758212,44.673915574789206,0.9797514700987463,0.979015287085822,0.6783719074221868,0.44443062549466505,10,0.023834589236447237,0.156298828125,0.156298828125
synthetic,pitch_-3,pitch,-3.0,deg,5,0.16719643450620808,0.16662241975135922,39.07218093544639,39.06821149996533,0.9981693109952291,0.9982147429705366,0.5051875498802874,0.47751498628687694,10,0.016685340928426023,0.165673828125,0.165673828125
synthetic,pitch_-2,pitch,-2.0,deg,5,0.1629185236946833,0.16235505945000966,26.088029976498987,26.08530936986987,0.9988350160878731,0.9988614287999302,0.5690343176376695,0.5695534707193914,10,0.015630926135235864,0.161767578125,0.161767578125
synthetic,pitch_-1,pitch,-1.0,deg,5,0.15841052604668207,0.1578603970664188,13.067115318236297,13.065736052434886,0.999778098302452,0.999793368222301,0.6296887470071828,0.6536918714109958,10,0.017988774399157425,0.15712890625,0.15712890625
synthetic,pitch_-0.5,pitch,-0.5,deg,5,0.15598183166165305,0.15544045621845132,6.539827121329173,6.539130599012876,0.999944524575613,0.999948213360953,0.6552274541101357,0.6822294996137708,10,0.02012699624124206,0.15498046875,0.15498046875
synthetic,pitch_+0.5,pitch,0.5,deg,5,0.1509113995244872,0.15038738077129252,6.5433057697346335,6.542683787359868,0.982414290469322,0.9824442973162135,0.9648842777334398,0.9502881408256121,10,0.025865378786459038,0.149609375,0.149609375
synthetic,pitch_+1,pitch,1.0,deg,5,0.1484997486088268,0.1479829260091726,13.083503974995976,13.082163411459732,0.9667147453678021,0.9667059419367703,0.9345570630486831,0.90348785154474,10,0.029056063200594517,0.1474609375,0.1474609375
synthetic,pitch_+2,pitch,2.0,deg,5,0.14287540371718066,0.14237766844817357,26.148222563241834,26.145604583542273,0.9300454898479973,0.9300300538678352,0.8523543495610535,0.7945842502833014,10,0.03466057415486875,0.141357421875,0.141357421875
synthetic,pitch_+3,pitch,3.0,deg,5,0.13727662402958746,0.13678301153324374,39.20602057525345,39.20009271991706,0.8935981360257406,0.8930126677185213,0.7813248204309656,0.6650203361889154,10,0.04126800692732382,0.135400390625,0.135400390625
synthetic,roll_-3,roll,-3.0,deg,5,0.15264983340008692,0.1520927512218062,13.992950423588319,13.923746926237305,0.9794186175524243,0.9787808125713495,0.6145251396648045,0.6292255261060113,10,0.0223426799070481,0.151025390625,0.151025390625
synthetic,roll_-2,roll,-2.0,deg,5,0.1529821810527751,0.15242989888174335,9.376884678625926,9.33270393774679,0.9866858981471208,0.9862258470273393,0.6584197924980048,0.6706988282727278,10,0.022201983113425007,0.151513671875,0.151513671875
synthetic,roll_-1,roll,-1.0,deg,5,0.15336565911356917,0.15282490240557,4.71341348714324,4.692854672818113,0.9937867524686563,0.9936664349403733,0.7470071827613727,0.7658648264621815,10,0.022336776051598718,0.151611328125,0.151611328125
synthetic,roll_-0.5,roll,-0.5,deg,5,0.1535190503378868,0.152978704069626,2.3622978178357745,2.3521236848925247,0.9968933762343282,0.9967704058591117,0.859537110933759,0.8615131415450437,10,0.022516212210483794,0.151708984375,0.151708984375
synthetic,roll_+0.5,roll,0.5,deg,5,0.1535275720725711,0.15299535824176597,2.3617219256460475,2.3516368167739774,0.9965050482636192,0.9965863145969271,0.9632881085395052,0.9739300746926605,10,0.023495057124665375,0.15224609375,0.15224609375
synthetic,roll_+1,roll,1.0,deg,5,0.15362131115409852,0.15309371316992482,4.713367295130399,4.693290673686416,0.9935648507711085,0.993734750054881,0.9529130087789306,0.9624402087233893,10,0.024282201391362994,0.152392578125,0.152392578125
synthetic,roll_+2,roll,2.0,deg,5,0.1537406154396789,0.15322105077110731,9.390816161493412,9.352016692229466,0.9882392100299567,0.9885970868854258,0.9361532322426177,0.945736889159658,10,0.025175189592788083,0.15244140625,0.15244140625
synthetic,roll_+3,roll,3.0,deg,5,0.1538087893171534,0.15329267486237225,14.019542353447768,13.961866330504026,0.982303339620548,0.9826648078480875,0.9193934557063048,0.9290648027881842,10,0.025136749257407675,0.152734375,0.152734375
synthetic,x_-0.1,x,-0.1,m,5,0.15180618166634,0.15127520578960074,2.114264008304304,2.0973064150281866,0.9882392100299567,0.988130862897399,0.9768555466879489,0.9881268180040894,10,0.022857147733892726,0.150244140625,0.150244140625
synthetic,x_-0.05,x,-0.05,m,5,0.1526924420735085,0.15215707686826246,1.0638387323614695,1.0553379271940062,0.9940086541662043,0.9938483807043946,0.9848363926576217,0.9950316021977752,10,0.022911359763798628,0.150830078125,0.150830078125
synthetic,x_-0.02,x,-0.02,m,5,0.15322078962393584,0.1526822976038315,0.42649956798065386,0.42315446717774774,0.9974481304781981,0.997236084398946,0.9936153232242618,0.9978546910755149,10,0.022939352577299083,0.1513671875,0.1513671875
synthetic,x_+0.02,x,0.02,m,5,0.1540218326842612,0.15348378517835223,0.4264765651650545,0.42326411119928337,1.0,1.0,0.9976057462090981,0.9983348316443281,10,0.022969409049819985,0.1525390625,0.1525390625
synthetic,x_+0.05,x,0.05,m,5,0.15452461503063564,0.15398528147601623,1.062862633552183,1.0548731921629506,1.0,1.0,0.9920191540303273,0.9898453792584228,10,0.022981011526837406,0.15341796875,0.15341796875
synthetic,x_+0.1,x,0.1,m,5,0.15530861462159237,0.15476781878994822,2.114737092217284,2.0988952327965293,1.0,1.0,0.9768555466879489,0.972048795407491,10,0.023134203917699422,0.154248046875,0.154248046875
synthetic,y_-0.1,y,-0.1,m,5,0.15348496339914952,0.1529511418809679,5.283173695317438,5.250019056750537,0.9970043270831022,0.9969721537791857,0.902633679169992,0.8601492487467215,10,0.022969409049819985,0.151904296875,0.151904296875
synthetic,y_-0.05,y,-0.05,m,5,0.15351052860320247,0.15297619729860085,2.6419504404546896,2.625429124267299,0.9985576389659381,0.9985522235626314,0.9553072625698324,0.941462468147234,10,0.02289395884157031,0.151904296875,0.151904296875
synthetic,y_-0.02,y,-0.02,m,5,0.1535957459500456,0.15306007242562675,1.0566803237161426,1.050069161986768,0.999500721180517,0.9994568353702491,0.9872306464485235,0.986209933401278,10,0.022951660141490547,0.152001953125,0.152001953125
synthetic,y_+0.02,y,0.02,m,5,0.15370652850094166,0.1531686628021301,1.0564742845345851,1.0497500448680106,0.999611672029291,0.9995100386695569,0.9960095770151636,0.9969518410651134,10,0.02297454180805756,0.152001953125,0.152001953125
synthetic,y_+0.05,y,0.05,m,5,0.15370652850094166,0.15316638560971382,2.6397635435792934,2.622671955405017,0.9988904915122601,0.9987328699674191,0.9880287310454908,0.9822510599621583,10,0.0229744356627407,0.152001953125,0.152001953125
synthetic,y_+0.1,y,0.1,m,5,0.1537406154396789,0.1531993170084593,5.273962754924143,5.2391661705058565,0.9973371796294241,0.9971037016929996,0.965682362330407,0.9385612057660111,10,0.023055209161541863,0.1521484375,0.1521484375
synthetic,z_-0.1,z,-0.1,m,5,0.14970131319931484,0.14918261195662086,5.1282368164620635,5.096353834160219,0.9745367802063686,0.9746055044061919,0.9608938547486033,0.9659180091737131,10,0.024145396396670526,0.148486328125,0.148486328125
synthetic,z_-0.05,z,-0.05,m,5,0.15154200789112632,0.1510193718036128,2.601802464748981,2.5861147743309294,0.9865194718739598,0.98668604239888,0.9784517158818835,0.9893708914083629,10,0.02340326230180738,0.150244140625,0.150244140625
synthetic,z_-0.02,z,-0.02,m,5,0.15273505074693006,0.15220463114852445,1.0506991295285755,1.044200808507684,0.9942860312881393,0.9943164024678655,0.9880287310454908,0.9962528604118994,10,0.02309013685141572,0.151123046875,0.151123046875
synthetic,z_+0.02,z,0.02,m,5,0.15441383247973958,0.15387592911508136,1.058147855815219,1.0515292367848794,1.0,1.0,0.8092577813248204,0.8135934408448374,10,0.022642437369189417,0.153173828125,0.153173828125
synthetic,z_+0.05,z,0.05,m,5,0.15556426666212175,0.15502720721944116,2.645286638099683,2.6287411746406373,1.0,1.0,0.6671987230646449,0.7041200884972254,10,0.022600488504741334,0.15439453125,0.15439453125
synthetic,z_+0.1,z,0.1,m,5,0.15754983084356652,0.15700068004372397,5.290118916892646,5.256927904596783,0.999944524575613,0.9999228692634015,0.6456504389465283,0.6835377637741179,10,0.022198623511235423,0.156396484375,0.156396484375
