dataset,threshold,fpr,recall
kitti_mini,-inf,1.0,1.0
kitti_mini,0.0015464800995639756,0.9,0.9023809523809524
kitti_mini,0.0017290173396236343,0.9,0.9
kitti_mini,0.0021801106873836737,0.9,0.8952380952380953
kitti_mini,0.0023123566157536896,0.8,0.8285714285714286
kitti_mini,0.0023197201493459635,0.8,0.8261904761904761
kitti_mini,0.002374897267379475,0.8,0.8238095238095238
kitti_mini,0.00243743791900526,0.8,0.8
kitti_mini,0.0024451997650256356,0.8,0.7952380952380952
kitti_mini,0.002779106756597706,0.8,0.7904761904761904
kitti_mini,0.002787956622496116,0.8,0.780952380952381
kitti_mini,0.0029404584108120337,0.8,0.7785714285714286
kitti_mini,0.0030831421543382528,0.8,0.7714285714285715
kitti_mini,0.003092960199127951,0.8,0.719047619047619
kitti_mini,0.003140555260642869,0.8,0.7166666666666667
kitti_mini,0.003178030113476129,0.8,0.7071428571428572
kitti_mini,0.003188150322157787,0.7,0.6976190476190476
kitti_mini,0.0032343649349754313,0.7,0.6952380952380952
kitti_mini,0.0032701659391907146,0.6,0.680952380952381
kitti_mini,0.003280579547793076,0.6,0.6714285714285714
kitti_mini,0.0034470577713081522,0.6,0.6357142857142857
kitti_mini,0.0034580346792472687,0.6,0.6333333333333333
kitti_mini,0.003650492732115484,0.6,0.6285714285714286
kitti_mini,0.003853927692922816,0.6,0.6047619047619047
kitti_mini,0.003930250512707425,0.6,0.6023809523809524
kitti_mini,0.003942766113233401,0.6,0.6
kitti_mini,0.004360221374767347,0.6,0.5976190476190476
kitti_mini,0.004494413239356596,0.6,0.5928571428571429
kitti_mini,0.004559563235431987,0.6,0.5904761904761905
kitti_mini,0.004624713231507379,0.6,0.5761904761904761
kitti_mini,0.00468850517029123,0.6,0.5619047619047619
kitti_mini,0.0046885055378304155,0.6,0.5595238095238095
kitti_mini,0.0047816905041508755,0.5,0.5571428571428572
kitti_mini,0.00487487583801052,0.5,0.5214285714285715
kitti_mini,0.004905155737602471,0.5,0.5190476190476191
kitti_mini,0.0049354356371944215,0.5,0.4976190476190476
kitti_mini,0.0050530112389631215,0.5,0.49523809523809526
kitti_mini,0.005170586656962228,0.5,0.4928571428571429
kitti_mini,0.005170586840731821,0.5,0.4880952380952381
kitti_mini,0.005283042805411882,0.5,0.4857142857142857
kitti_mini,0.005395498770091943,0.5,0.45714285714285713
kitti_mini,0.005422887973987555,0.5,0.4523809523809524
kitti_mini,0.005450276994113575,0.5,0.45
kitti_mini,0.005450277177883167,0.5,0.4095238095238095
kitti_mini,0.0055042453455392895,0.4,0.4023809523809524
kitti_mini,0.005558213513195412,0.4,0.3738095238095238
kitti_mini,0.005584808281140911,0.3,0.36904761904761907
kitti_mini,0.005611403049086411,0.3,0.3476190476190476
kitti_mini,0.0057407654487742115,0.3,0.34523809523809523
kitti_mini,0.005740765632543804,0.3,0.34285714285714286
kitti_mini,0.005740765816313397,0.3,0.3404761904761905
kitti_mini,0.005870128032231605,0.3,0.3357142857142857
kitti_mini,0.0058701282160011975,0.3,0.3
kitti_mini,0.006020027602774097,0.2,0.2976190476190476
kitti_mini,0.006020027970313283,0.2,0.2619047619047619
kitti_mini,0.006093156139494894,0.2,0.25476190476190474
kitti_mini,0.006117149832622468,0.2,0.2523809523809524
kitti_mini,0.0061662843086765055,0.2,0.18333333333333332
kitti_mini,0.00619027800180408,0.2,0.18095238095238095
kitti_mini,0.006214271694931653,0.1,0.1523809523809524
kitti_mini,0.006285165960941956,0.1,0.15
kitti_mini,0.006356060226952258,0.1,0.14047619047619048
kitti_mini,0.006448196052666844,0.1,0.1380952380952381
kitti_mini,0.006540331878381429,0.1,0.13095238095238096
kitti_mini,0.006562963103747232,0.1,0.12857142857142856
kitti_mini,0.006585594329113035,0.1,0.12380952380952381
kitti_mini,0.0068941155426163045,0.1,0.12142857142857143
kitti_mini,0.006915592694938686,0.1,0.11666666666666667
kitti_mini,0.006937069847261069,0.1,0.11190476190476191
kitti_mini,0.0072715760812005915,0.1,0.10952380952380952
kitti_mini,0.007610872453348681,0.1,0.10714285714285714
kitti_mini,0.007707855385845632,0.1,0.10476190476190476
kitti_mini,0.008047237394624013,0.1,0.1
kitti_mini,0.008788306654958054,0.1,0.09761904761904762
kitti_mini,0.008888566566835624,0.1,0.09523809523809523
kitti_mini,0.009657915394742884,0.1,0.09285714285714286
kitti_mini,0.010595955887993138,0.1,0.09047619047619047
kitti_mini,0.010886705111706101,0.1,0.0880952380952381
kitti_mini,0.010900554355766335,0.1,0.08571428571428572
kitti_mini,0.010954920017051901,0.1,0.08333333333333333
kitti_mini,0.011380512752330542,0.1,0.07857142857142857
kitti_mini,0.011419531447373732,0.1,0.0761904761904762
kitti_mini,0.01156178307876845,0.1,0.06190476190476191
kitti_mini,0.01157461497436238,0.1,0.05952380952380952
kitti_mini,0.011664101577625699,0.1,0.05714285714285714
kitti_mini,0.011727426374104394,0.1,0.05476190476190476
kitti_mini,0.011740256432002395,0.1,0.05238095238095238
kitti_mini,0.01175289353182785,0.1,0.05
kitti_mini,0.011765530631653306,0.1,0.04523809523809524
kitti_mini,0.011878280260142822,0.1,0.04285714285714286
kitti_mini,0.012040055940626565,0.1,0.0380952380952381
kitti_mini,0.012125945070339247,0.1,0.03571428571428571
kitti_mini,0.01216158865303921,0.1,0.03333333333333333
kitti_mini,0.012187188492408742,0.0,0.01904761904761905
kitti_mini,0.012259878554880876,0.0,0.014285714285714285
kitti_mini,0.012332568617353011,0.0,0.011904761904761904
kitti_mini,0.012356632142925887,0.0,0.007142857142857143
kitti_mini,0.014644925233106702,0.0,0.004761904761904762
kitti_mini,0.01690464582698321,0.0,0.002380952380952381
kitti_mini,0.01965125293107631,0.0,0.0
kitti_mini,inf,0.0,0.0
nuscenes_mini_subset,-inf,1.0,1.0
nuscenes_mini_subset,0.005022205857377713,1.0,0.9994047619047619
nuscenes_mini_subset,0.005139016879092559,1.0,0.9988095238095238
nuscenes_mini_subset,0.005460931499528518,1.0,0.9982142857142857
nuscenes_mini_subset,0.005555225854291237,1.0,0.9976190476190476
nuscenes_mini_subset,0.005608387277417117,1.0,0.9970238095238095
nuscenes_mini_subset,0.005687197429997822,1.0,0.9964285714285714
nuscenes_mini_subset,0.005711099082624552,1.0,0.9958333333333333
nuscenes_mini_subset,0.005892206479809415,1.0,0.9952380952380953
nuscenes_mini_subset,0.005992081817731277,1.0,0.9898809523809524
nuscenes_mini_subset,0.006016791292084943,1.0,0.9880952380952381
nuscenes_mini_subset,0.006090319173720645,1.0,0.9875
nuscenes_mini_subset,0.006090319693220147,0.975,0.9845238095238096
nuscenes_mini_subset,0.006113861072941651,0.975,0.9839285714285714
nuscenes_mini_subset,0.006150625273509253,0.975,0.981547619047619
nuscenes_mini_subset,0.006162969620696029,0.975,0.9809523809523809
nuscenes_mini_subset,0.006210930853798358,0.975,0.9785714285714285
nuscenes_mini_subset,0.006281787468990394,0.975,0.9779761904761904
nuscenes_mini_subset,0.006375956104873423,0.975,0.9755952380952381
nuscenes_mini_subset,0.0064563863166537715,0.975,0.975
nuscenes_mini_subset,0.00653681652843412,0.975,0.969047619047619
nuscenes_mini_subset,0.006548145773592323,0.975,0.9636904761904762
nuscenes_mini_subset,0.006559475018750526,0.975,0.9577380952380953
nuscenes_mini_subset,0.006570764781946512,0.975,0.9571428571428572
nuscenes_mini_subset,0.0065820545451424975,0.975,0.9553571428571429
nuscenes_mini_subset,0.006593229239198602,0.975,0.9547619047619048
nuscenes_mini_subset,0.006626983459646678,0.975,0.9541666666666667
nuscenes_mini_subset,0.006626983719396429,0.975,0.9535714285714286
nuscenes_mini_subset,0.006638159192701788,0.975,0.9529761904761904
nuscenes_mini_subset,0.006648735683080357,0.975,0.9523809523809523
nuscenes_mini_subset,0.006649334925756897,0.975,0.950595238095238
nuscenes_mini_subset,0.006660025446276344,0.975,0.95
nuscenes_mini_subset,0.006693665636583543,0.975,0.9488095238095238
nuscenes_mini_subset,0.006703780551653829,0.975,0.9482142857142857
nuscenes_mini_subset,0.006737420741961028,0.975,0.9476190476190476
nuscenes_mini_subset,0.00673799634741019,0.975,0.9458333333333333
nuscenes_mini_subset,0.0067817514527876745,0.975,0.9452380952380952
nuscenes_mini_subset,0.00682550655816516,0.975,0.944047619047619
nuscenes_mini_subset,0.006879423853067691,0.975,0.9434523809523809
nuscenes_mini_subset,0.006890409709054509,0.975,0.9398809523809524
nuscenes_mini_subset,0.006900757359902072,0.95,0.9398809523809524
nuscenes_mini_subset,0.006933208935346746,0.95,0.9386904761904762
nuscenes_mini_subset,0.006933341147970222,0.95,0.9380952380952381
nuscenes_mini_subset,0.006976008161638983,0.95,0.9369047619047619
nuscenes_mini_subset,0.006985980474095736,0.95,0.9363095238095238
nuscenes_mini_subset,0.007007446193553592,0.95,0.9345238095238095
nuscenes_mini_subset,0.007028779700387973,0.95,0.9327380952380953
nuscenes_mini_subset,0.007081551239136963,0.925,0.9172619047619047
nuscenes_mini_subset,0.007092011621376645,0.925,0.9166666666666666
nuscenes_mini_subset,0.007102471484116825,0.925,0.9160714285714285
nuscenes_mini_subset,0.007102472003616328,0.925,0.905952380952381
nuscenes_mini_subset,0.007123208865271683,0.925,0.9041666666666667
nuscenes_mini_subset,0.007133669247511365,0.925,0.9011904761904762
nuscenes_mini_subset,0.007164866491406402,0.925,0.8994047619047619
nuscenes_mini_subset,0.007185069827072328,0.925,0.8988095238095238
nuscenes_mini_subset,0.007205103546150572,0.925,0.8982142857142857
nuscenes_mini_subset,0.007205427713840352,0.925,0.8976190476190476
nuscenes_mini_subset,0.007215563928390255,0.925,0.8970238095238096
nuscenes_mini_subset,0.007216267070967365,0.925,0.8946428571428572
nuscenes_mini_subset,0.007267667650528328,0.875,0.8869047619047619
nuscenes_mini_subset,0.007288025537296352,0.875,0.8863095238095238
nuscenes_mini_subset,0.007298161751846255,0.875,0.8857142857142857
nuscenes_mini_subset,0.0073083834240643755,0.875,0.8833333333333333
nuscenes_mini_subset,0.0073185196386142785,0.875,0.8821428571428571
nuscenes_mini_subset,0.007328655853164181,0.875,0.8809523809523809
nuscenes_mini_subset,0.007358788382828122,0.875,0.8803571428571428
nuscenes_mini_subset,0.0073689245973780244,0.875,0.8797619047619047
nuscenes_mini_subset,0.007409193341591869,0.875,0.8702380952380953
nuscenes_mini_subset,0.007438039850236499,0.875,0.8696428571428572
nuscenes_mini_subset,0.007488444809000246,0.85,0.8690476190476191
nuscenes_mini_subset,0.0074982347771314975,0.85,0.868452380952381
nuscenes_mini_subset,0.007517739645715837,0.85,0.8666666666666667
nuscenes_mini_subset,0.007567696276408622,0.85,0.861904761904762
nuscenes_mini_subset,0.007577486244539874,0.85,0.8613095238095239
nuscenes_mini_subset,0.007587276212671125,0.85,0.8577380952380952
nuscenes_mini_subset,0.007606706013577304,0.85,0.8571428571428571
nuscenes_mini_subset,0.007606781081255466,0.85,0.8553571428571428
nuscenes_mini_subset,0.007626285949839807,0.85,0.8488095238095238
nuscenes_mini_subset,0.007645715750745985,0.85,0.8458333333333333
nuscenes_mini_subset,0.007684210144407837,0.85,0.8452380952380952
nuscenes_mini_subset,0.007703712675244415,0.85,0.8410714285714286
nuscenes_mini_subset,0.007722923507110142,0.85,0.8404761904761905
nuscenes_mini_subset,0.007742134338975868,0.85,0.8392857142857143
nuscenes_mini_subset,0.007751563514702388,0.85,0.8357142857142857
nuscenes_mini_subset,0.007770774346568114,0.85,0.8351190476190476
nuscenes_mini_subset,0.007779994163994984,0.85,0.8345238095238096
nuscenes_mini_subset,0.007799204995860711,0.85,0.8339285714285715
nuscenes_mini_subset,0.007799414354160361,0.85,0.830952380952381
nuscenes_mini_subset,0.007827845003452958,0.85,0.8285714285714286
nuscenes_mini_subset,0.007856275652745555,0.85,0.8273809523809523
nuscenes_mini_subset,0.007865435467979846,0.85,0.8261904761904761
nuscenes_mini_subset,0.007893866117272445,0.85,0.825595238095238
nuscenes_mini_subset,0.007931456581799333,0.85,0.8214285714285714
nuscenes_mini_subset,0.007985217507351506,0.85,0.8208333333333333
nuscenes_mini_subset,0.007987184332469303,0.85,0.8196428571428571
nuscenes_mini_subset,0.008013648156644102,0.85,0.819047619047619
nuscenes_mini_subset,0.008014759885580206,0.85,0.8178571428571428
nuscenes_mini_subset,0.008021373114251516,0.85,0.8172619047619047
nuscenes_mini_subset,0.008042912083139274,0.85,0.8166666666666667
nuscenes_mini_subset,0.008070487636250177,0.85,0.8160714285714286
nuscenes_mini_subset,0.00809806318936108,0.85,0.8119047619047619
nuscenes_mini_subset,0.008106966371840961,0.85,0.8113095238095238
nuscenes_mini_subset,0.008134541924951864,0.85,0.8083333333333333
nuscenes_mini_subset,0.00817102066054265,0.85,0.7964285714285714
nuscenes_mini_subset,0.00818008930361419,0.85,0.7958333333333333
nuscenes_mini_subset,0.008189157946685732,0.85,0.7916666666666666
nuscenes_mini_subset,0.008207176267442662,0.85,0.7898809523809524
nuscenes_mini_subset,0.008216244910514203,0.85,0.7892857142857143
nuscenes_mini_subset,0.00823408660144016,0.825,0.7886904761904762
nuscenes_mini_subset,0.008243155244511701,0.825,0.7880952380952381
nuscenes_mini_subset,0.008243331874342672,0.825,0.7845238095238095
nuscenes_mini_subset,0.008270242208340172,0.825,0.7827380952380952
nuscenes_mini_subset,0.008279173184043458,0.825,0.7821428571428571
nuscenes_mini_subset,0.008297152542337672,0.825,0.7797619047619048
nuscenes_mini_subset,0.008313788734667262,0.825,0.7791666666666667
nuscenes_mini_subset,0.008314995532012388,0.825,0.7785714285714286
nuscenes_mini_subset,0.008315014493744242,0.8,0.7773809523809524
nuscenes_mini_subset,0.008322857377738803,0.8,0.7767857142857143
nuscenes_mini_subset,0.008332838521687104,0.75,0.7761904761904762
nuscenes_mini_subset,0.008358707518931138,0.75,0.7755952380952381
nuscenes_mini_subset,0.008384889254875887,0.75,0.775
nuscenes_mini_subset,0.00840309069920757,0.75,0.7738095238095238
nuscenes_mini_subset,0.008403460842603353,0.75,0.7732142857142857
nuscenes_mini_subset,0.008429642578548103,0.75,0.7726190476190476
nuscenes_mini_subset,0.008455081949703278,0.75,0.7720238095238096
nuscenes_mini_subset,0.008456556808791874,0.75,0.768452380952381
nuscenes_mini_subset,0.008482792832434673,0.75,0.7678571428571429
nuscenes_mini_subset,0.008500264899464352,0.75,0.7666666666666667
nuscenes_mini_subset,0.00850902885607747,0.75,0.7654761904761904
nuscenes_mini_subset,0.008526446635409102,0.75,0.7642857142857142
nuscenes_mini_subset,0.008561020106573176,0.75,0.763095238095238
nuscenes_mini_subset,0.008569728996238993,0.75,0.7619047619047619
nuscenes_mini_subset,0.008586156090018685,0.75,0.7613095238095238
nuscenes_mini_subset,0.008613011357068882,0.75,0.7583333333333333
nuscenes_mini_subset,0.008629604171189985,0.75,0.7577380952380952
nuscenes_mini_subset,0.008664383364157188,0.75,0.7571428571428571
nuscenes_mini_subset,0.008715755371245493,0.75,0.7482142857142857
nuscenes_mini_subset,0.00872425853910818,0.75,0.7476190476190476
nuscenes_mini_subset,0.008732761706970866,0.75,0.7458333333333333
nuscenes_mini_subset,0.008758172505653382,0.75,0.7446428571428572
nuscenes_mini_subset,0.008766610216578711,0.75,0.7440476190476191
nuscenes_mini_subset,0.0087835833043359,0.75,0.7404761904761905
nuscenes_mini_subset,0.00882561081411665,0.75,0.7398809523809524
nuscenes_mini_subset,0.008834048525041978,0.75,0.7386904761904762
nuscenes_mini_subset,0.00885894865571319,0.75,0.7380952380952381
nuscenes_mini_subset,0.0088676383238974,0.75,0.7345238095238096
nuscenes_mini_subset,0.008892226754866901,0.75,0.7339285714285714
nuscenes_mini_subset,0.008900273802166084,0.75,0.7333333333333333
nuscenes_mini_subset,0.008925816553722325,0.75,0.7327380952380952
nuscenes_mini_subset,0.00893431400709048,0.75,0.7321428571428571
nuscenes_mini_subset,0.008975639153543373,0.75,0.7309523809523809
nuscenes_mini_subset,0.00898399478354725,0.75,0.7273809523809524
nuscenes_mini_subset,0.009000253039988516,0.75,0.7267857142857143
nuscenes_mini_subset,0.009000479541771758,0.75,0.7255952380952381
nuscenes_mini_subset,0.009016964299996268,0.75,0.7220238095238095
nuscenes_mini_subset,0.009041578186441409,0.75,0.7208333333333333
nuscenes_mini_subset,0.009057706568006963,0.75,0.7202380952380952
nuscenes_mini_subset,0.009066192072886552,0.75,0.7196428571428571
nuscenes_mini_subset,0.009074191326231471,0.75,0.719047619047619
nuscenes_mini_subset,0.009105405973359853,0.75,0.718452380952381
nuscenes_mini_subset,0.009131418352466674,0.75,0.7166666666666667
nuscenes_mini_subset,0.009138727190972303,0.725,0.7166666666666667
nuscenes_mini_subset,0.009155323122090421,0.725,0.7160714285714286
nuscenes_mini_subset,0.009163341077417444,0.725,0.7154761904761905
nuscenes_mini_subset,0.009252472126621315,0.725,0.7148809523809524
nuscenes_mini_subset,0.009260490081948337,0.725,0.7047619047619048
nuscenes_mini_subset,0.009268494010788782,0.725,0.7023809523809523
nuscenes_mini_subset,0.009276497939629227,0.725,0.6958333333333333
nuscenes_mini_subset,0.009284460308509445,0.725,0.6946428571428571
nuscenes_mini_subset,0.00929246423734989,0.725,0.694047619047619
nuscenes_mini_subset,0.009308430535070552,0.725,0.6928571428571428
nuscenes_mini_subset,0.00931639342345027,0.725,0.6922619047619047
nuscenes_mini_subset,0.00932423422944682,0.725,0.6916666666666667
nuscenes_mini_subset,0.009324356311829991,0.725,0.6892857142857143
nuscenes_mini_subset,0.009340038443322592,0.725,0.6880952380952381
nuscenes_mini_subset,0.009348163415547204,0.725,0.6875
nuscenes_mini_subset,0.009356004741043256,0.725,0.6869047619047619
nuscenes_mini_subset,0.009371970519264415,0.725,0.6851190476190476
nuscenes_mini_subset,0.009392070994028777,0.725,0.6845238095238095
nuscenes_mini_subset,0.009394940189783029,0.725,0.6839285714285714
nuscenes_mini_subset,0.00940357894701596,0.725,0.6815476190476191
nuscenes_mini_subset,0.00941090648750369,0.725,0.680952380952381
nuscenes_mini_subset,0.009418869375883411,0.7,0.680952380952381
nuscenes_mini_subset,0.009442676479600624,0.7,0.6803571428571429
nuscenes_mini_subset,0.009450468452643905,0.7,0.6797619047619048
nuscenes_mini_subset,0.009458480693476396,0.7,0.6785714285714286
nuscenes_mini_subset,0.00951338243993683,0.7,0.6714285714285714
nuscenes_mini_subset,0.00952046010116369,0.7,0.6708333333333333
nuscenes_mini_subset,0.009521174412980112,0.7,0.6702380952380952
nuscenes_mini_subset,0.009528966386023395,0.7,0.6678571428571428
nuscenes_mini_subset,0.009575361847624126,0.7,0.6672619047619047
nuscenes_mini_subset,0.00958315382066741,0.7,0.6666666666666666
nuscenes_mini_subset,0.00960440186983357,0.7,0.6660714285714285
nuscenes_mini_subset,0.00960605387825264,0.7,0.6654761904761904
nuscenes_mini_subset,0.009628946662844832,0.7,0.6648809523809524
nuscenes_mini_subset,0.009637341255311422,0.7,0.6595238095238095
nuscenes_mini_subset,0.00964503244545115,0.7,0.6583333333333333
nuscenes_mini_subset,0.009652723635590879,0.675,0.6541666666666667
nuscenes_mini_subset,0.009659303616294006,0.675,0.6535714285714286
nuscenes_mini_subset,0.009668033285939934,0.675,0.6529761904761905
nuscenes_mini_subset,0.009675724476079664,0.675,0.6511904761904762
nuscenes_mini_subset,0.009690926070532128,0.675,0.6505952380952381
nuscenes_mini_subset,0.009698617260671855,0.675,0.65
nuscenes_mini_subset,0.009698725316568449,0.675,0.6494047619047619
nuscenes_mini_subset,0.0097212830239813,0.675,0.6488095238095238
nuscenes_mini_subset,0.00972161810116064,0.675,0.6470238095238096
nuscenes_mini_subset,0.009744510885752834,0.675,0.6458333333333334
nuscenes_mini_subset,0.009751975054609814,0.675,0.6452380952380953
nuscenes_mini_subset,0.00980522479265118,0.675,0.6339285714285714
nuscenes_mini_subset,0.009812784549416687,0.65,0.6339285714285714
nuscenes_mini_subset,0.009820344306182192,0.65,0.6255952380952381
nuscenes_mini_subset,0.009826361668923731,0.65,0.625
nuscenes_mini_subset,0.00983539524577883,0.65,0.6244047619047619
nuscenes_mini_subset,0.00986556569890648,0.65,0.6226190476190476
nuscenes_mini_subset,0.00991758526212509,0.65,0.6214285714285714
nuscenes_mini_subset,0.009940195958487233,0.65,0.6208333333333333
nuscenes_mini_subset,0.009940475449219768,0.65,0.618452380952381
nuscenes_mini_subset,0.009970237575738176,0.65,0.6178571428571429
nuscenes_mini_subset,0.009977650833643877,0.65,0.6172619047619048
nuscenes_mini_subset,0.009992443581987597,0.65,0.6160714285714286
nuscenes_mini_subset,0.009999999702256583,0.65,0.6136904761904762
nuscenes_mini_subset,0.010014826218067988,0.65,0.6130952380952381
nuscenes_mini_subset,0.010036563635765836,0.65,0.6125
nuscenes_mini_subset,0.010044411714755426,0.65,0.6083333333333333
nuscenes_mini_subset,0.010073739020189945,0.65,0.6077380952380952
nuscenes_mini_subset,0.010110447894060494,0.65,0.606547619047619
nuscenes_mini_subset,0.010132651822311904,0.65,0.6059523809523809
nuscenes_mini_subset,0.010139523761735634,0.65,0.6053571428571428
nuscenes_mini_subset,0.010154567947838734,0.65,0.6047619047619047
nuscenes_mini_subset,0.010175220650574628,0.65,0.6041666666666666
nuscenes_mini_subset,0.010176484073365563,0.65,0.6023809523809524
nuscenes_mini_subset,0.010183643815513874,0.65,0.6017857142857143
nuscenes_mini_subset,0.010263221788359794,0.65,0.6011904761904762
nuscenes_mini_subset,0.010278033758185118,0.625,0.6005952380952381
nuscenes_mini_subset,0.010285125445898553,0.625,0.6
nuscenes_mini_subset,0.010291812962998772,0.625,0.5994047619047619
nuscenes_mini_subset,0.010298332162260065,0.625,0.5988095238095238
nuscenes_mini_subset,0.01030682442063319,0.625,0.5982142857142857
nuscenes_mini_subset,0.010313996630769571,0.625,0.5970238095238095
nuscenes_mini_subset,0.010335615083081265,0.625,0.5958333333333333
nuscenes_mini_subset,0.01034258780540855,0.625,0.5952380952380952
nuscenes_mini_subset,0.010342787293217644,0.625,0.5946428571428571
nuscenes_mini_subset,0.010349959503354024,0.625,0.5851190476190476
nuscenes_mini_subset,0.010357121842999847,0.625,0.5839285714285715
nuscenes_mini_subset,0.010364284182645673,0.625,0.5827380952380953
nuscenes_mini_subset,0.010371023130196673,0.625,0.5821428571428572
nuscenes_mini_subset,0.010378550677993002,0.625,0.5785714285714286
nuscenes_mini_subset,0.010385713017638826,0.625,0.5773809523809523
nuscenes_mini_subset,0.010406986002781126,0.625,0.5767857142857142
nuscenes_mini_subset,0.01040714185263198,0.6,0.5726190476190476
nuscenes_mini_subset,0.010414070417501522,0.6,0.5714285714285714
nuscenes_mini_subset,0.010442429375862726,0.6,0.5708333333333333
nuscenes_mini_subset,0.0104426615921405,0.6,0.5696428571428571
nuscenes_mini_subset,0.010463396895297346,0.575,0.5696428571428571
nuscenes_mini_subset,0.010464012502208226,0.575,0.5678571428571428
nuscenes_mini_subset,0.01047818133164902,0.575,0.5625
nuscenes_mini_subset,0.010520574569079778,0.575,0.5619047619047619
nuscenes_mini_subset,0.01054690384288334,0.575,0.5613095238095238
nuscenes_mini_subset,0.010548704428160223,0.575,0.5607142857142857
nuscenes_mini_subset,0.010576834287240669,0.575,0.5583333333333333
nuscenes_mini_subset,0.010632211375746214,0.575,0.5577380952380953
nuscenes_mini_subset,0.01063958671018821,0.575,0.5571428571428572
nuscenes_mini_subset,0.010702339133135749,0.575,0.555952380952381
nuscenes_mini_subset,0.010723093657774201,0.575,0.5553571428571429
nuscenes_mini_subset,0.010730029495636782,0.575,0.5529761904761905
nuscenes_mini_subset,0.010735764250648767,0.575,0.5523809523809524
nuscenes_mini_subset,0.010736938839024717,0.575,0.5517857142857143
nuscenes_mini_subset,0.010757507382841147,0.55,0.5517857142857143
nuscenes_mini_subset,0.010757613360739729,0.55,0.5511904761904762
nuscenes_mini_subset,0.010771352564091664,0.55,0.5505952380952381
nuscenes_mini_subset,0.010785197225842678,0.55,0.5482142857142858
nuscenes_mini_subset,0.010798516673596308,0.55,0.5476190476190477
nuscenes_mini_subset,0.01079880499582039,0.55,0.5458333333333333
nuscenes_mini_subset,0.010812361854846825,0.55,0.5446428571428571
nuscenes_mini_subset,0.010812675632546547,0.55,0.544047619047619
nuscenes_mini_subset,0.010819479517535403,0.55,0.5434523809523809
nuscenes_mini_subset,0.010853761809228129,0.55,0.5416666666666666
nuscenes_mini_subset,0.01086048984728957,0.55,0.5410714285714285
nuscenes_mini_subset,0.010874228011642497,0.55,0.5398809523809524
nuscenes_mini_subset,0.010880853708301875,0.55,0.5392857142857143
nuscenes_mini_subset,0.010894694214056866,0.55,0.5339285714285714
nuscenes_mini_subset,0.010901499138044729,0.55,0.5327380952380952
nuscenes_mini_subset,0.010908167953162844,0.55,0.5321428571428571
nuscenes_mini_subset,0.010908304062032591,0.55,0.531547619047619
nuscenes_mini_subset,0.010921862999057036,0.55,0.5291666666666667
nuscenes_mini_subset,0.010949031784057204,0.55,0.5267857142857143
nuscenes_mini_subset,0.010962574097097558,0.55,0.5255952380952381
nuscenes_mini_subset,0.010969170701784776,0.55,0.525
nuscenes_mini_subset,0.011016578148417066,0.55,0.5226190476190476
nuscenes_mini_subset,0.011023307744977014,0.55,0.5220238095238096
nuscenes_mini_subset,0.011029741746319838,0.55,0.5208333333333334
nuscenes_mini_subset,0.011030037341536963,0.55,0.5178571428571429
nuscenes_mini_subset,0.01106234397662034,0.55,0.5172619047619048
nuscenes_mini_subset,0.011110451708582474,0.55,0.5148809523809523
nuscenes_mini_subset,0.011177022452875978,0.55,0.5136904761904761
nuscenes_mini_subset,0.011201001510928635,0.55,0.513095238095238
nuscenes_mini_subset,0.011203508096029897,0.55,0.5119047619047619
nuscenes_mini_subset,0.011216774554834235,0.55,0.5113095238095238
nuscenes_mini_subset,0.011223384147009026,0.55,0.5107142857142857
nuscenes_mini_subset,0.011229993739183815,0.55,0.5053571428571428
nuscenes_mini_subset,0.011335195505508421,0.55,0.5047619047619047
nuscenes_mini_subset,0.011341192607769349,0.55,0.5041666666666667
nuscenes_mini_subset,0.011360592277704362,0.55,0.5035714285714286
nuscenes_mini_subset,0.011374394859995644,0.55,0.5029761904761905
nuscenes_mini_subset,0.011386171394225802,0.55,0.5023809523809524
nuscenes_mini_subset,0.01139379349093165,0.55,0.5017857142857143
nuscenes_mini_subset,0.011413193160866664,0.55,0.5005952380952381
nuscenes_mini_subset,0.011413393168175263,0.525,0.5005952380952381
nuscenes_mini_subset,0.01143942892475971,0.5,0.4988095238095238
nuscenes_mini_subset,0.011445910200557295,0.5,0.4982142857142857
nuscenes_mini_subset,0.01145239147635488,0.5,0.49702380952380953
nuscenes_mini_subset,0.011465309870492308,0.5,0.49642857142857144
nuscenes_mini_subset,0.011491190816224907,0.475,0.49583333333333335
nuscenes_mini_subset,0.011497556243633356,0.475,0.49523809523809526
nuscenes_mini_subset,0.011516955913568369,0.475,0.49464285714285716
nuscenes_mini_subset,0.011523379524921138,0.475,0.49404761904761907
nuscenes_mini_subset,0.011542721010911831,0.475,0.4928571428571429
nuscenes_mini_subset,0.011549144622264598,0.475,0.4922619047619048
nuscenes_mini_subset,0.011555568233617367,0.475,0.48988095238095236
nuscenes_mini_subset,0.011568144277582418,0.475,0.4886904761904762
nuscenes_mini_subset,0.011581219041070203,0.475,0.4869047619047619
nuscenes_mini_subset,0.011599317364750571,0.475,0.4863095238095238
nuscenes_mini_subset,0.011606699972185604,0.475,0.4857142857142857
nuscenes_mini_subset,0.011613158390005065,0.475,0.4851190476190476
nuscenes_mini_subset,0.011657831710753842,0.475,0.4845238095238095
nuscenes_mini_subset,0.011676891108514487,0.475,0.48392857142857143
nuscenes_mini_subset,0.011695950506275131,0.475,0.48333333333333334
nuscenes_mini_subset,0.011746575213328583,0.475,0.48214285714285715
nuscenes_mini_subset,0.011828195858219719,0.475,0.48154761904761906
nuscenes_mini_subset,0.011853085079401372,0.475,0.48095238095238096
nuscenes_mini_subset,0.011946964354061312,0.475,0.4797619047619048
nuscenes_mini_subset,0.011984163635462553,0.475,0.4791666666666667
nuscenes_mini_subset,0.0119902734691156,0.475,0.4785714285714286
nuscenes_mini_subset,0.012058217250595141,0.475,0.4773809523809524
nuscenes_mini_subset,0.0120950736623245,0.475,0.4767857142857143
nuscenes_mini_subset,0.012168231660314171,0.475,0.47619047619047616
nuscenes_mini_subset,0.012180639386440295,0.475,0.47559523809523807
nuscenes_mini_subset,0.012528898346165397,0.475,0.475
nuscenes_mini_subset,0.012540734622838383,0.475,0.4744047619047619
nuscenes_mini_subset,0.012821532416122092,0.475,0.4738095238095238
nuscenes_mini_subset,0.01307363305686824,0.475,0.4732142857142857
nuscenes_mini_subset,0.013084976848012523,0.475,0.4726190476190476
nuscenes_mini_subset,0.01308793435868226,0.475,0.4720238095238095
nuscenes_mini_subset,0.013096310249166748,0.475,0.4714285714285714
nuscenes_mini_subset,0.013181002694618249,0.475,0.4708333333333333
nuscenes_mini_subset,0.013574437850610887,0.475,0.47023809523809523
nuscenes_mini_subset,0.013618367767571082,0.475,0.46964285714285714
nuscenes_mini_subset,0.01362349990315976,0.475,0.46904761904761905
nuscenes_mini_subset,0.01365101311633032,0.475,0.46785714285714286
nuscenes_mini_subset,0.013661877928932973,0.475,0.46726190476190477
nuscenes_mini_subset,0.013716070039072513,0.475,0.4666666666666667
nuscenes_mini_subset,0.013791581369810105,0.475,0.4660714285714286
nuscenes_mini_subset,0.013888064895477843,0.475,0.4648809523809524
nuscenes_mini_subset,0.014025583686875884,0.475,0.4642857142857143
nuscenes_mini_subset,0.014047142916244256,0.475,0.4636904761904762
nuscenes_mini_subset,0.014072568780412353,0.475,0.4630952380952381
nuscenes_mini_subset,0.01413163951038318,0.475,0.4625
nuscenes_mini_subset,0.014147370994328553,0.475,0.46190476190476193
nuscenes_mini_subset,0.014152618978306367,0.475,0.46130952380952384
nuscenes_mini_subset,0.014163102478273926,0.45,0.4595238095238095
nuscenes_mini_subset,0.014168338513763173,0.45,0.4589285714285714
nuscenes_mini_subset,0.014204944007232656,0.45,0.4577380952380952
nuscenes_mini_subset,0.014210087571810396,0.45,0.45714285714285713
nuscenes_mini_subset,0.01423100833628976,0.45,0.45654761904761904
nuscenes_mini_subset,0.014298636781571072,0.45,0.45535714285714285
nuscenes_mini_subset,0.014391721741491151,0.45,0.45476190476190476
nuscenes_mini_subset,0.014410855427680704,0.45,0.45416666666666666
nuscenes_mini_subset,0.014422616376925776,0.45,0.45357142857142857
nuscenes_mini_subset,0.014504680674392348,0.45,0.4523809523809524
nuscenes_mini_subset,0.014616766848128751,0.45,0.4511904761904762
nuscenes_mini_subset,0.014657311706328361,0.45,0.4505952380952381
nuscenes_mini_subset,0.014667431556643924,0.45,0.4494047619047619
nuscenes_mini_subset,0.01470783718897677,0.45,0.4488095238095238
nuscenes_mini_subset,0.014808367615771728,0.45,0.44821428571428573
nuscenes_mini_subset,0.014818386683183738,0.45,0.44761904761904764
nuscenes_mini_subset,0.01502717665037709,0.45,0.44702380952380955
nuscenes_mini_subset,0.01514519239143905,0.45,0.44642857142857145
nuscenes_mini_subset,0.015252571899679613,0.45,0.44583333333333336
nuscenes_mini_subset,0.015262295891374003,0.45,0.4452380952380952
nuscenes_mini_subset,0.01529143150149197,0.45,0.444047619047619
nuscenes_mini_subset,0.015315650568314944,0.45,0.44345238095238093
nuscenes_mini_subset,0.01540742535048883,0.45,0.44166666666666665
nuscenes_mini_subset,0.015417048039780163,0.45,0.44107142857142856
nuscenes_mini_subset,0.015460236630949788,0.45,0.44047619047619047
nuscenes_mini_subset,0.015465046676846696,0.45,0.4398809523809524
nuscenes_mini_subset,0.015603582648271323,0.45,0.4392857142857143
nuscenes_mini_subset,0.01569806765935159,0.45,0.4386904761904762
nuscenes_mini_subset,0.015797306610382457,0.425,0.43452380952380953
nuscenes_mini_subset,0.01580669604439701,0.425,0.43392857142857144
nuscenes_mini_subset,0.015816067815428464,0.425,0.43333333333333335
nuscenes_mini_subset,0.01583482902047447,0.425,0.43273809523809526
nuscenes_mini_subset,0.015839457761044888,0.425,0.43214285714285716
nuscenes_mini_subset,0.015858218966090895,0.425,0.43154761904761907
nuscenes_mini_subset,0.015881608911707316,0.425,0.430952380952381
nuscenes_mini_subset,0.015914240233979977,0.425,0.4303571428571429
nuscenes_mini_subset,0.016181584548638318,0.425,0.4297619047619048
nuscenes_mini_subset,0.01619612637872216,0.425,0.42916666666666664
nuscenes_mini_subset,0.0163420413210853,0.425,0.42857142857142855
nuscenes_mini_subset,0.016351118016399133,0.425,0.42797619047619045
nuscenes_mini_subset,0.01636017860722838,0.425,0.42738095238095236
nuscenes_mini_subset,0.01645474985522612,0.425,0.42678571428571427
nuscenes_mini_subset,0.016455105712385575,0.425,0.4261904761904762
nuscenes_mini_subset,0.01646397149090125,0.425,0.4255952380952381
nuscenes_mini_subset,0.01646817320288032,0.425,0.425
nuscenes_mini_subset,0.016660792189548888,0.425,0.4244047619047619
nuscenes_mini_subset,0.016781013206000457,0.425,0.4238095238095238
nuscenes_mini_subset,0.016855968672269996,0.425,0.4232142857142857
nuscenes_mini_subset,0.016886776031788144,0.425,0.4226190476190476
nuscenes_mini_subset,0.016965666187292287,0.425,0.4220238095238095
nuscenes_mini_subset,0.016991558562013946,0.425,0.42142857142857143
nuscenes_mini_subset,0.01706102447703685,0.425,0.42083333333333334
nuscenes_mini_subset,0.017163534716437175,0.425,0.42023809523809524
nuscenes_mini_subset,0.01737172570070374,0.425,0.41964285714285715
nuscenes_mini_subset,0.017371828561605303,0.425,0.41904761904761906
nuscenes_mini_subset,0.017431510742490986,0.425,0.41845238095238096
nuscenes_mini_subset,0.01744851707821636,0.425,0.41785714285714287
nuscenes_mini_subset,0.017465523413941732,0.425,0.4172619047619048
nuscenes_mini_subset,0.01766384546615261,0.425,0.4166666666666667
nuscenes_mini_subset,0.0177352766477948,0.425,0.4160714285714286
nuscenes_mini_subset,0.017771706030932817,0.425,0.4154761904761905
nuscenes_mini_subset,0.01797624545319383,0.425,0.4142857142857143
nuscenes_mini_subset,0.018107820131280233,0.425,0.41369047619047616
nuscenes_mini_subset,0.018226184976008114,0.425,0.41309523809523807
nuscenes_mini_subset,0.018270957521161934,0.425,0.4125
nuscenes_mini_subset,0.018464608233843167,0.425,0.4119047619047619
nuscenes_mini_subset,0.01851296532556667,0.425,0.4113095238095238
nuscenes_mini_subset,0.018520980163896673,0.425,0.4107142857142857
nuscenes_mini_subset,0.0185729664791471,0.425,0.4101190476190476
nuscenes_mini_subset,0.01859293707903575,0.425,0.4095238095238095
nuscenes_mini_subset,0.018632795158892587,0.425,0.4089285714285714
nuscenes_mini_subset,0.018750811938953553,0.425,0.4083333333333333
nuscenes_mini_subset,0.01878347495069589,0.425,0.40773809523809523
nuscenes_mini_subset,0.018818895465799367,0.425,0.40714285714285714
nuscenes_mini_subset,0.018885882848694156,0.425,0.40654761904761905
nuscenes_mini_subset,0.018975798861646836,0.425,0.40595238095238095
nuscenes_mini_subset,0.0189994329720296,0.425,0.40535714285714286
nuscenes_mini_subset,0.01904623987723659,0.425,0.40476190476190477
nuscenes_mini_subset,0.01905793277204679,0.425,0.4041666666666667
nuscenes_mini_subset,0.019065714874599515,0.425,0.4029761904761905
nuscenes_mini_subset,0.019081266611716902,0.425,0.4023809523809524
nuscenes_mini_subset,0.01909681834883429,0.425,0.4017857142857143
nuscenes_mini_subset,0.019112293200025252,0.425,0.4011904761904762
nuscenes_mini_subset,0.019131658063493574,0.425,0.4005952380952381
nuscenes_mini_subset,0.01918982122783292,0.425,0.4
nuscenes_mini_subset,0.019320811988478116,0.4,0.4
nuscenes_mini_subset,0.01934383620644453,0.4,0.39880952380952384
nuscenes_mini_subset,0.019370643419790716,0.4,0.3982142857142857
nuscenes_mini_subset,0.019381760709151753,0.4,0.3976190476190476
nuscenes_mini_subset,0.019384660555376673,0.4,0.3970238095238095
nuscenes_mini_subset,0.019443291269268585,0.4,0.3958333333333333
nuscenes_mini_subset,0.019557416998053186,0.4,0.3952380952380952
nuscenes_mini_subset,0.01956349722023457,0.4,0.39464285714285713
nuscenes_mini_subset,0.01961044958530236,0.4,0.39285714285714285
nuscenes_mini_subset,0.019640688612364385,0.4,0.39226190476190476
nuscenes_mini_subset,0.01964820577017066,0.4,0.39166666666666666
nuscenes_mini_subset,0.019663333595693715,0.4,0.39107142857142857
nuscenes_mini_subset,0.01967079049155766,0.4,0.3904761904761905
nuscenes_mini_subset,0.019674572447938424,0.4,0.3898809523809524
nuscenes_mini_subset,0.01970456938823212,0.4,0.3892857142857143
nuscenes_mini_subset,0.019708316018646692,0.4,0.3886904761904762
nuscenes_mini_subset,0.019738647516620224,0.4,0.3880952380952381
nuscenes_mini_subset,0.019783644485559276,0.4,0.3875
nuscenes_mini_subset,0.019809211134092654,0.4,0.3869047619047619
nuscenes_mini_subset,0.01992057312552208,0.4,0.3863095238095238
nuscenes_mini_subset,0.01997773365582092,0.375,0.3863095238095238
nuscenes_mini_subset,0.019999999404513167,0.375,0.38511904761904764
nuscenes_mini_subset,0.020088823429510853,0.375,0.38452380952380955
nuscenes_mini_subset,0.020122003862758028,0.375,0.38392857142857145
nuscenes_mini_subset,0.020155184296005203,0.375,0.38035714285714284
nuscenes_mini_subset,0.02021398956173007,0.375,0.37976190476190474
nuscenes_mini_subset,0.020221326972708356,0.375,0.37916666666666665
nuscenes_mini_subset,0.020418470800046766,0.375,0.37797619047619047
nuscenes_mini_subset,0.02050879306161068,0.375,0.3773809523809524
nuscenes_mini_subset,0.020592124937864206,0.375,0.3767857142857143
nuscenes_mini_subset,0.02083172330357471,0.375,0.3761904761904762
nuscenes_mini_subset,0.02087834007196366,0.375,0.3755952380952381
nuscenes_mini_subset,0.0213561029847568,0.375,0.375
nuscenes_mini_subset,0.022039739394534276,0.375,0.3744047619047619
nuscenes_mini_subset,0.022334123138816577,0.375,0.3738095238095238
nuscenes_mini_subset,0.022830046715230423,0.375,0.3732142857142857
nuscenes_mini_subset,0.02319444340751213,0.375,0.3726190476190476
nuscenes_mini_subset,0.0235247204114455,0.375,0.37202380952380953
nuscenes_mini_subset,0.023532723820786444,0.375,0.37142857142857144
nuscenes_mini_subset,0.023974517627001094,0.375,0.37083333333333335
nuscenes_mini_subset,0.02399615062529887,0.375,0.37023809523809526
nuscenes_mini_subset,0.024023973979672632,0.375,0.36964285714285716
nuscenes_mini_subset,0.024122583297306044,0.375,0.36904761904761907
nuscenes_mini_subset,0.024128734171419815,0.375,0.368452380952381
nuscenes_mini_subset,0.024229948259560527,0.375,0.3678571428571429
nuscenes_mini_subset,0.024342998624374224,0.375,0.3672619047619048
nuscenes_mini_subset,0.024402995621958634,0.375,0.36666666666666664
nuscenes_mini_subset,0.024491859128918533,0.375,0.36607142857142855
nuscenes_mini_subset,0.024519113111837174,0.375,0.36547619047619045
nuscenes_mini_subset,0.024561386864382275,0.375,0.36488095238095236
nuscenes_mini_subset,0.024569611580511432,0.375,0.36428571428571427
nuscenes_mini_subset,0.024621764135602776,0.375,0.3636904761904762
nuscenes_mini_subset,0.0246639142472662,0.375,0.3630952380952381
nuscenes_mini_subset,0.024705985395005188,0.375,0.3625
nuscenes_mini_subset,0.02472999458402901,0.375,0.3619047619047619
nuscenes_mini_subset,0.0247406474408345,0.375,0.3613095238095238
nuscenes_mini_subset,0.024807867559506567,0.375,0.3607142857142857
nuscenes_mini_subset,0.024867601690342536,0.375,0.3595238095238095
nuscenes_mini_subset,0.02490319156228394,0.375,0.35892857142857143
nuscenes_mini_subset,0.024905504374070637,0.375,0.35833333333333334
nuscenes_mini_subset,0.024943340561862377,0.375,0.35773809523809524
nuscenes_mini_subset,0.02499554818390102,0.375,0.35714285714285715
nuscenes_mini_subset,0.024998515565061313,0.35,0.35654761904761906
nuscenes_mini_subset,0.02500422174760064,0.35,0.35595238095238096
nuscenes_mini_subset,0.025057796692330794,0.35,0.3541666666666667
nuscenes_mini_subset,0.025087441411961557,0.35,0.3535714285714286
nuscenes_mini_subset,0.025093297210357707,0.35,0.3529761904761905
nuscenes_mini_subset,0.025134651448782762,0.35,0.3523809523809524
nuscenes_mini_subset,0.025181830315633796,0.35,0.3517857142857143
nuscenes_mini_subset,0.025190541283297622,0.35,0.35119047619047616
nuscenes_mini_subset,0.025234802640940638,0.35,0.35059523809523807
nuscenes_mini_subset,0.025380340426664705,0.35,0.35
nuscenes_mini_subset,0.025412166005208445,0.35,0.3494047619047619
nuscenes_mini_subset,0.02550382441949369,0.35,0.3488095238095238
nuscenes_mini_subset,0.025524373741828515,0.35,0.3482142857142857
nuscenes_mini_subset,0.025608326939487457,0.35,0.3476190476190476
nuscenes_mini_subset,0.02565463512517171,0.35,0.3470238095238095
nuscenes_mini_subset,0.02598790029024549,0.35,0.3464285714285714
nuscenes_mini_subset,0.02628874245234725,0.35,0.3458333333333333
nuscenes_mini_subset,0.026401374100561648,0.35,0.34523809523809523
nuscenes_mini_subset,0.026457299261042705,0.35,0.34464285714285714
nuscenes_mini_subset,0.026468554737271503,0.35,0.34404761904761905
nuscenes_mini_subset,0.02659453128871517,0.35,0.34345238095238095
nuscenes_mini_subset,0.026647494263030962,0.35,0.34285714285714286
nuscenes_mini_subset,0.026714225013171344,0.35,0.34226190476190477
nuscenes_mini_subset,0.026761314526107888,0.35,0.3416666666666667
nuscenes_mini_subset,0.026825071661093942,0.35,0.3410714285714286
nuscenes_mini_subset,0.026907908973820758,0.35,0.3404761904761905
nuscenes_mini_subset,0.026921674671647338,0.35,0.3398809523809524
nuscenes_mini_subset,0.02696299254510719,0.35,0.3392857142857143
nuscenes_mini_subset,0.026974115029463258,0.35,0.3386904761904762
nuscenes_mini_subset,0.0270198382587073,0.35,0.3380952380952381
nuscenes_mini_subset,0.02704540802423769,0.35,0.3375
nuscenes_mini_subset,0.0270508918609898,0.35,0.33690476190476193
nuscenes_mini_subset,0.027091957257691267,0.325,0.33690476190476193
nuscenes_mini_subset,0.027099864040124676,0.325,0.33630952380952384
nuscenes_mini_subset,0.027217656396400412,0.325,0.3357142857142857
nuscenes_mini_subset,0.027236735535142165,0.325,0.3339285714285714
nuscenes_mini_subset,0.02723945875153612,0.325,0.3327380952380952
nuscenes_mini_subset,0.027258517110297757,0.325,0.33214285714285713
nuscenes_mini_subset,0.027261226819704634,0.325,0.33154761904761904
nuscenes_mini_subset,0.027413058861405264,0.325,0.33095238095238094
nuscenes_mini_subset,0.02744281787092665,0.325,0.33035714285714285
nuscenes_mini_subset,0.02748008572626227,0.325,0.32976190476190476
nuscenes_mini_subset,0.027480773543604047,0.325,0.32916666666666666
nuscenes_mini_subset,0.027507339709180907,0.325,0.32857142857142857
nuscenes_mini_subset,0.027534353683329228,0.325,0.3279761904761905
nuscenes_mini_subset,0.027888075699826324,0.325,0.3273809523809524
nuscenes_mini_subset,0.02792529264421066,0.325,0.3267857142857143
nuscenes_mini_subset,0.027951845302800447,0.325,0.3261904761904762
nuscenes_mini_subset,0.028192265516724463,0.325,0.3255952380952381
nuscenes_mini_subset,0.02821073684104788,0.325,0.325
nuscenes_mini_subset,0.028289508550665372,0.325,0.3244047619047619
nuscenes_mini_subset,0.028373304859474452,0.325,0.3238095238095238
nuscenes_mini_subset,0.0284665477472434,0.325,0.32321428571428573
nuscenes_mini_subset,0.028503734560656573,0.325,0.32261904761904764
nuscenes_mini_subset,0.02851414533069373,0.325,0.32202380952380955
nuscenes_mini_subset,0.028563525836437856,0.325,0.32142857142857145
nuscenes_mini_subset,0.02874734034553208,0.325,0.32083333333333336
nuscenes_mini_subset,0.028762817274721054,0.325,0.3202380952380952
nuscenes_mini_subset,0.02895816986777363,0.325,0.3196428571428571
nuscenes_mini_subset,0.02896571611755206,0.325,0.319047619047619
nuscenes_mini_subset,0.02898107875685041,0.325,0.31845238095238093
nuscenes_mini_subset,0.02914330702260212,0.325,0.31785714285714284
nuscenes_mini_subset,0.029176498884838357,0.325,0.31726190476190474
nuscenes_mini_subset,0.029357604723524708,0.325,0.31666666666666665
nuscenes_mini_subset,0.029380346333761572,0.325,0.31607142857142856
nuscenes_mini_subset,0.029408094880206924,0.325,0.31547619047619047
nuscenes_mini_subset,0.02946103499654459,0.325,0.3148809523809524
nuscenes_mini_subset,0.029481170797275146,0.325,0.3136904761904762
nuscenes_mini_subset,0.029486203708458777,0.325,0.3125
nuscenes_mini_subset,0.029496265374830022,0.325,0.3119047619047619
nuscenes_mini_subset,0.029621749440744985,0.325,0.3113095238095238
nuscenes_mini_subset,0.029740584952022447,0.3,0.3113095238095238
nuscenes_mini_subset,0.029821428425657315,0.3,0.3107142857142857
nuscenes_mini_subset,0.029915806939339498,0.3,0.3101190476190476
nuscenes_mini_subset,0.02993810801399794,0.3,0.30952380952380953
nuscenes_mini_subset,0.029940583948628537,0.3,0.30892857142857144
nuscenes_mini_subset,0.02996536095791757,0.3,0.30833333333333335
nuscenes_mini_subset,0.029975262618441936,0.3,0.30773809523809526
nuscenes_mini_subset,0.02999741615524157,0.3,0.30714285714285716
nuscenes_mini_subset,0.029999882738881115,0.3,0.30654761904761907
nuscenes_mini_subset,0.02999999910676975,0.3,0.305952380952381
nuscenes_mini_subset,0.030004946820034916,0.3,0.3053571428571429
nuscenes_mini_subset,0.030024711698120432,0.3,0.3047619047619048
nuscenes_mini_subset,0.030026982949946907,0.3,0.30416666666666664
nuscenes_mini_subset,0.03004682159696183,0.3,0.30357142857142855
nuscenes_mini_subset,0.03005435330075418,0.3,0.30297619047619045
nuscenes_mini_subset,0.030069155919588454,0.3,0.30238095238095236
nuscenes_mini_subset,0.030079025371143642,0.3,0.30178571428571427
nuscenes_mini_subset,0.030175028879270746,0.3,0.3011904761904762
nuscenes_mini_subset,0.030202090647373326,0.3,0.3005952380952381
nuscenes_mini_subset,0.030207000956674286,0.3,0.3
nuscenes_mini_subset,0.03032891294400764,0.3,0.2994047619047619
nuscenes_mini_subset,0.03035888183132818,0.3,0.2976190476190476
nuscenes_mini_subset,0.03037353795130265,0.3,0.2970238095238095
nuscenes_mini_subset,0.0303856776156853,0.3,0.29642857142857143
nuscenes_mini_subset,0.030451595868603222,0.3,0.29583333333333334
nuscenes_mini_subset,0.03047594792729893,0.3,0.29523809523809524
nuscenes_mini_subset,0.030478369833981223,0.3,0.29464285714285715
nuscenes_mini_subset,0.03049054794132709,0.3,0.29404761904761906
nuscenes_mini_subset,0.030524591782748006,0.3,0.29345238095238096
nuscenes_mini_subset,0.030536738720123698,0.275,0.29285714285714287
nuscenes_mini_subset,0.03054888565749939,0.275,0.2892857142857143
nuscenes_mini_subset,0.03055372739286597,0.275,0.28869047619047616
nuscenes_mini_subset,0.030556002800688466,0.275,0.28809523809523807
nuscenes_mini_subset,0.030568303509917003,0.275,0.2869047619047619
nuscenes_mini_subset,0.030575543254988753,0.275,0.2863095238095238
nuscenes_mini_subset,0.0306264947272295,0.275,0.2857142857142857
nuscenes_mini_subset,0.0306575119645468,0.25,0.2857142857142857
nuscenes_mini_subset,0.030665226532164153,0.25,0.2851190476190476
nuscenes_mini_subset,0.030670064111534716,0.25,0.2845238095238095
nuscenes_mini_subset,0.030679739270275834,0.25,0.2839285714285714
nuscenes_mini_subset,0.030698856851980802,0.25,0.2833333333333333
nuscenes_mini_subset,0.030699075041772,0.25,0.28273809523809523
nuscenes_mini_subset,0.030742542604174656,0.25,0.28214285714285714
nuscenes_mini_subset,0.03074485125996533,0.25,0.28154761904761905
nuscenes_mini_subset,0.03077385387821057,0.25,0.28095238095238095
nuscenes_mini_subset,0.030785947826636968,0.25,0.28035714285714286
nuscenes_mini_subset,0.03081485070097766,0.25,0.27976190476190477
nuscenes_mini_subset,0.03081569021217427,0.25,0.2791666666666667
nuscenes_mini_subset,0.030819566717464553,0.25,0.2785714285714286
nuscenes_mini_subset,0.030824475987766508,0.25,0.2779761904761905
nuscenes_mini_subset,0.030838913917949778,0.25,0.2773809523809524
nuscenes_mini_subset,0.03085361055888547,0.25,0.2767857142857143
nuscenes_mini_subset,0.030862361008511516,0.25,0.2761904761904762
nuscenes_mini_subset,0.03087564876679547,0.25,0.2755952380952381
nuscenes_mini_subset,0.030896560699783283,0.25,0.275
nuscenes_mini_subset,0.030906646263131658,0.25,0.27440476190476193
nuscenes_mini_subset,0.030920302866062642,0.25,0.27380952380952384
nuscenes_mini_subset,0.030941075573183693,0.25,0.2732142857142857
nuscenes_mini_subset,0.03096853735590347,0.25,0.2726190476190476
nuscenes_mini_subset,0.03097333129731579,0.25,0.2720238095238095
nuscenes_mini_subset,0.030980513897442226,0.25,0.2714285714285714
nuscenes_mini_subset,0.030987696497568662,0.25,0.2708333333333333
nuscenes_mini_subset,0.030992390695076436,0.25,0.2702380952380952
nuscenes_mini_subset,0.031008631288534604,0.25,0.26964285714285713
nuscenes_mini_subset,0.031016412352088324,0.25,0.26904761904761904
nuscenes_mini_subset,0.03104987851006207,0.25,0.26845238095238094
nuscenes_mini_subset,0.031054657905488312,0.25,0.26785714285714285
nuscenes_mini_subset,0.03106558713602932,0.25,0.26726190476190476
nuscenes_mini_subset,0.031078243182917804,0.25,0.26666666666666666
nuscenes_mini_subset,0.031083822607578436,0.25,0.26607142857142857
nuscenes_mini_subset,0.031104561027732302,0.25,0.2654761904761905
nuscenes_mini_subset,0.031106790719598543,0.25,0.2648809523809524
nuscenes_mini_subset,0.03113566554096608,0.25,0.2642857142857143
nuscenes_mini_subset,0.03113804173169213,0.25,0.2636904761904762
nuscenes_mini_subset,0.03115958849307243,0.25,0.2630952380952381
nuscenes_mini_subset,0.03121667317644385,0.25,0.2625
nuscenes_mini_subset,0.031279827692006594,0.25,0.2619047619047619
nuscenes_mini_subset,0.03128018095166854,0.25,0.2613095238095238
nuscenes_mini_subset,0.03128937609286902,0.25,0.26071428571428573
nuscenes_mini_subset,0.03133825164509637,0.25,0.26011904761904764
nuscenes_mini_subset,0.03135893707630094,0.25,0.25952380952380955
nuscenes_mini_subset,0.031359768275505503,0.25,0.25892857142857145
nuscenes_mini_subset,0.031368396123248876,0.25,0.25833333333333336
nuscenes_mini_subset,0.03138430423702522,0.25,0.2577380952380952
nuscenes_mini_subset,0.0314009469230986,0.25,0.2571428571428571
nuscenes_mini_subset,0.03148642225430089,0.25,0.256547619047619
nuscenes_mini_subset,0.03150752224610874,0.25,0.25595238095238093
nuscenes_mini_subset,0.031513935986970956,0.25,0.25535714285714284
nuscenes_mini_subset,0.0315405177375329,0.25,0.25476190476190474
nuscenes_mini_subset,0.03158522066975334,0.25,0.25357142857142856
nuscenes_mini_subset,0.03160869477428922,0.25,0.25297619047619047
nuscenes_mini_subset,0.03161808420830378,0.25,0.2523809523809524
nuscenes_mini_subset,0.03162277632781354,0.25,0.2517857142857143
nuscenes_mini_subset,0.03162464964302083,0.25,0.2511904761904762
nuscenes_mini_subset,0.03163685060834481,0.25,0.2505952380952381
nuscenes_mini_subset,0.03166965804094894,0.25,0.25
nuscenes_mini_subset,0.03170403020605566,0.25,0.2494047619047619
nuscenes_mini_subset,0.031728166152958176,0.25,0.2488095238095238
nuscenes_mini_subset,0.031733679081682446,0.25,0.24821428571428572
nuscenes_mini_subset,0.03176321782341463,0.25,0.24761904761904763
nuscenes_mini_subset,0.03178601761759581,0.25,0.24702380952380953
nuscenes_mini_subset,0.03181138893431611,0.25,0.24642857142857144
nuscenes_mini_subset,0.031823882897359705,0.25,0.24583333333333332
nuscenes_mini_subset,0.03186698057611634,0.25,0.24523809523809523
nuscenes_mini_subset,0.03189374311250527,0.25,0.24464285714285713
nuscenes_mini_subset,0.03192163815781043,0.25,0.24404761904761904
nuscenes_mini_subset,0.031972725738920925,0.25,0.24285714285714285
nuscenes_mini_subset,0.032028364135676404,0.25,0.24166666666666667
nuscenes_mini_subset,0.03204225555238267,0.25,0.24107142857142858
nuscenes_mini_subset,0.03210006026206505,0.25,0.24047619047619048
nuscenes_mini_subset,0.032157806787803105,0.25,0.2392857142857143
nuscenes_mini_subset,0.03221312517286483,0.25,0.2386904761904762
nuscenes_mini_subset,0.032217710275477,0.25,0.23809523809523808
nuscenes_mini_subset,0.03223024372048282,0.25,0.2375
nuscenes_mini_subset,0.03232305438466539,0.25,0.2369047619047619
nuscenes_mini_subset,0.03233123650183531,0.25,0.2363095238095238
nuscenes_mini_subset,0.0323647473367663,0.25,0.2357142857142857
nuscenes_mini_subset,0.03254302917615515,0.25,0.23511904761904762
nuscenes_mini_subset,0.032545317051965714,0.25,0.23452380952380952
nuscenes_mini_subset,0.0325538212588274,0.25,0.23392857142857143
nuscenes_mini_subset,0.03259073065950606,0.25,0.23333333333333334
nuscenes_mini_subset,0.03263100641696319,0.25,0.23273809523809524
nuscenes_mini_subset,0.032639645693695624,0.25,0.23214285714285715
nuscenes_mini_subset,0.0326840826421706,0.25,0.23095238095238096
nuscenes_mini_subset,0.03269763534520101,0.25,0.23035714285714284
nuscenes_mini_subset,0.032743041679748314,0.25,0.22976190476190475
nuscenes_mini_subset,0.0327611441594247,0.25,0.22916666666666666
nuscenes_mini_subset,0.03279737509375263,0.25,0.22738095238095238
nuscenes_mini_subset,0.03281845742257738,0.25,0.22678571428571428
nuscenes_mini_subset,0.032851612919848415,0.25,0.2261904761904762
nuscenes_mini_subset,0.03288261249418262,0.25,0.2255952380952381
nuscenes_mini_subset,0.03290576347002773,0.25,0.225
nuscenes_mini_subset,0.032923794258772725,0.25,0.2244047619047619
nuscenes_mini_subset,0.032925637443008846,0.25,0.22380952380952382
nuscenes_mini_subset,0.03294151958181005,0.25,0.22321428571428573
nuscenes_mini_subset,0.03295081031091905,0.25,0.2226190476190476
nuscenes_mini_subset,0.032977826363065385,0.25,0.2220238095238095
nuscenes_mini_subset,0.033031769113443556,0.25,0.22142857142857142
nuscenes_mini_subset,0.03304973340625219,0.25,0.22083333333333333
nuscenes_mini_subset,0.03309011306360989,0.25,0.22023809523809523
nuscenes_mini_subset,0.033125962685302726,0.225,0.22023809523809523
nuscenes_mini_subset,0.03313202524450101,0.2,0.22023809523809523
nuscenes_mini_subset,0.03313491677873388,0.2,0.21904761904761905
nuscenes_mini_subset,0.03315037396694175,0.2,0.21845238095238095
nuscenes_mini_subset,0.03316177490303135,0.2,0.21785714285714286
nuscenes_mini_subset,0.03318861016935069,0.2,0.21726190476190477
nuscenes_mini_subset,0.03322881735287344,0.2,0.21428571428571427
nuscenes_mini_subset,0.03326897882043995,0.2,0.21369047619047618
nuscenes_mini_subset,0.03327547360322461,0.2,0.2130952380952381
nuscenes_mini_subset,0.03334025623022929,0.2,0.2125
nuscenes_mini_subset,0.033344280273378386,0.2,0.2119047619047619
nuscenes_mini_subset,0.033360221635122915,0.2,0.2113095238095238
nuscenes_mini_subset,0.033446890776182764,0.2,0.20952380952380953
nuscenes_mini_subset,0.033501184708224864,0.2,0.20892857142857144
nuscenes_mini_subset,0.03351335969857371,0.2,0.20833333333333334
nuscenes_mini_subset,0.03353957676048465,0.2,0.20773809523809525
nuscenes_mini_subset,0.03354876047269608,0.2,0.20714285714285716
nuscenes_mini_subset,0.03355757326226247,0.2,0.20654761904761904
nuscenes_mini_subset,0.033576969295700955,0.2,0.20595238095238094
nuscenes_mini_subset,0.03358853751063047,0.2,0.20535714285714285
nuscenes_mini_subset,0.03360178682595122,0.2,0.20476190476190476
nuscenes_mini_subset,0.03367600148592968,0.2,0.20416666666666666
nuscenes_mini_subset,0.03375343704282585,0.2,0.20357142857142857
nuscenes_mini_subset,0.03376476628798405,0.2,0.20297619047619048
nuscenes_mini_subset,0.03377355206357629,0.2,0.20238095238095238
nuscenes_mini_subset,0.03377794495137241,0.2,0.2017857142857143
nuscenes_mini_subset,0.033786591501097876,0.2,0.2011904761904762
nuscenes_mini_subset,0.03381306519576323,0.2,0.2005952380952381
nuscenes_mini_subset,0.033854723860896954,0.2,0.2
nuscenes_mini_subset,0.0338566626330416,0.2,0.19940476190476192
nuscenes_mini_subset,0.03387006052522016,0.2,0.1988095238095238
nuscenes_mini_subset,0.033874440945028214,0.175,0.1988095238095238
nuscenes_mini_subset,0.033883201784644316,0.175,0.1982142857142857
nuscenes_mini_subset,0.033975032672764506,0.175,0.19702380952380952
nuscenes_mini_subset,0.03398831004105841,0.175,0.19642857142857142
nuscenes_mini_subset,0.03401812931252213,0.175,0.19583333333333333
nuscenes_mini_subset,0.03403611542430988,0.175,0.19404761904761905
nuscenes_mini_subset,0.03411448504131216,0.175,0.19345238095238096
nuscenes_mini_subset,0.03411499518982397,0.175,0.19285714285714287
nuscenes_mini_subset,0.0341275327908258,0.175,0.19166666666666668
nuscenes_mini_subset,0.03416878209035128,0.175,0.19107142857142856
nuscenes_mini_subset,0.0341926821844795,0.175,0.19047619047619047
nuscenes_mini_subset,0.0342132086488362,0.175,0.18988095238095237
nuscenes_mini_subset,0.03422503141852211,0.175,0.18928571428571428
nuscenes_mini_subset,0.03425548447937932,0.175,0.1886904761904762
nuscenes_mini_subset,0.034256360355541124,0.175,0.1880952380952381
nuscenes_mini_subset,0.03432048321817719,0.175,0.1875
nuscenes_mini_subset,0.03432260901014286,0.175,0.1869047619047619
nuscenes_mini_subset,0.03435285427119892,0.175,0.1863095238095238
nuscenes_mini_subset,0.03437228251360659,0.175,0.18571428571428572
nuscenes_mini_subset,0.03442619928900962,0.175,0.18511904761904763
nuscenes_mini_subset,0.03445204542827553,0.175,0.18452380952380953
nuscenes_mini_subset,0.034475522649808424,0.175,0.18392857142857144
nuscenes_mini_subset,0.03448954082439339,0.175,0.18333333333333332
nuscenes_mini_subset,0.03449508492308783,0.175,0.18273809523809523
nuscenes_mini_subset,0.03450153606791425,0.175,0.18214285714285713
nuscenes_mini_subset,0.03452920357243716,0.175,0.18154761904761904
nuscenes_mini_subset,0.03454236561184142,0.175,0.18095238095238095
nuscenes_mini_subset,0.03459946068520291,0.175,0.18035714285714285
nuscenes_mini_subset,0.0346837692205218,0.175,0.17976190476190476
nuscenes_mini_subset,0.034700927250102,0.175,0.17857142857142858
nuscenes_mini_subset,0.0347026935484117,0.175,0.17797619047619048
nuscenes_mini_subset,0.03472141319349748,0.175,0.1773809523809524
nuscenes_mini_subset,0.03474559381735724,0.175,0.1767857142857143
nuscenes_mini_subset,0.034796954655206234,0.175,0.1761904761904762
nuscenes_mini_subset,0.03480339125404658,0.175,0.17559523809523808
nuscenes_mini_subset,0.03481191520188938,0.175,0.1744047619047619
nuscenes_mini_subset,0.03482682172062422,0.175,0.1738095238095238
nuscenes_mini_subset,0.03485875951106057,0.175,0.1732142857142857
nuscenes_mini_subset,0.03486727722490934,0.175,0.17261904761904762
nuscenes_mini_subset,0.03489403664430126,0.175,0.17202380952380952
nuscenes_mini_subset,0.034905553948279495,0.175,0.17142857142857143
nuscenes_mini_subset,0.034969252899321235,0.175,0.17083333333333334
nuscenes_mini_subset,0.03502387099905312,0.175,0.17023809523809524
nuscenes_mini_subset,0.035044709163111525,0.175,0.16964285714285715
nuscenes_mini_subset,0.035054006126214565,0.175,0.16904761904761906
nuscenes_mini_subset,0.03508362175387317,0.175,0.16845238095238096
nuscenes_mini_subset,0.035104759149645226,0.175,0.16785714285714284
nuscenes_mini_subset,0.0351343332173436,0.175,0.16666666666666666
nuscenes_mini_subset,0.03515179151763645,0.175,0.16607142857142856
nuscenes_mini_subset,0.03516144901339448,0.175,0.16547619047619047
nuscenes_mini_subset,0.03517364893971946,0.175,0.16488095238095238
nuscenes_mini_subset,0.03520183490474622,0.175,0.16428571428571428
nuscenes_mini_subset,0.03520604908471335,0.175,0.1636904761904762
nuscenes_mini_subset,0.03522290164858588,0.175,0.1630952380952381
nuscenes_mini_subset,0.03527761949222231,0.175,0.1625
nuscenes_mini_subset,0.03528182328219939,0.175,0.1619047619047619
nuscenes_mini_subset,0.03528602707217647,0.175,0.16130952380952382
nuscenes_mini_subset,0.035407756195684814,0.175,0.1595238095238095
nuscenes_mini_subset,0.03541194543967582,0.175,0.15892857142857142
nuscenes_mini_subset,0.035414588653146326,0.175,0.15833333333333333
nuscenes_mini_subset,0.0354496257776167,0.175,0.15773809523809523
nuscenes_mini_subset,0.03546005732763397,0.15,0.15773809523809523
nuscenes_mini_subset,0.03547473838358458,0.15,0.15714285714285714
nuscenes_mini_subset,0.035478904769597454,0.15,0.15654761904761905
nuscenes_mini_subset,0.03548728117958144,0.15,0.15595238095238095
nuscenes_mini_subset,0.03551235845958313,0.15,0.15535714285714286
nuscenes_mini_subset,0.03552488878759193,0.15,0.15476190476190477
nuscenes_mini_subset,0.03552906140759884,0.15,0.15416666666666667
nuscenes_mini_subset,0.03556036852563873,0.15,0.15357142857142858
nuscenes_mini_subset,0.035570800075656,0.15,0.1523809523809524
nuscenes_mini_subset,0.03557704238168227,0.15,0.15178571428571427
nuscenes_mini_subset,0.035590989904334853,0.15,0.15119047619047618
nuscenes_mini_subset,0.03561653473388911,0.15,0.1505952380952381
nuscenes_mini_subset,0.035687400700072196,0.15,0.15
nuscenes_mini_subset,0.035694783827006735,0.15,0.1494047619047619
nuscenes_mini_subset,0.0357309680063794,0.15,0.1488095238095238
nuscenes_mini_subset,0.035782766262809795,0.15,0.14821428571428572
nuscenes_mini_subset,0.03582433245703201,0.15,0.14642857142857144
nuscenes_mini_subset,0.03584058447947924,0.15,0.14583333333333334
nuscenes_mini_subset,0.035878131825547395,0.15,0.14523809523809525
nuscenes_mini_subset,0.035935979134189,0.15,0.14464285714285716
nuscenes_mini_subset,0.03596899436659427,0.15,0.14404761904761904
nuscenes_mini_subset,0.036207448794399494,0.15,0.14285714285714285
nuscenes_mini_subset,0.03621152374849987,0.15,0.14226190476190476
nuscenes_mini_subset,0.036226558064112416,0.15,0.14166666666666666
nuscenes_mini_subset,0.036251394296344774,0.15,0.14107142857142857
nuscenes_mini_subset,0.03633331313395055,0.15,0.14047619047619048
nuscenes_mini_subset,0.036338337733142136,0.15,0.1392857142857143
nuscenes_mini_subset,0.0363665611021331,0.15,0.1386904761904762
nuscenes_mini_subset,0.03643070474474927,0.15,0.1380952380952381
nuscenes_mini_subset,0.036494966833252096,0.15,0.1375
nuscenes_mini_subset,0.036505092917561696,0.15,0.13690476190476192
nuscenes_mini_subset,0.03653379422609528,0.15,0.1357142857142857
nuscenes_mini_subset,0.03659452995197275,0.15,0.1351190476190476
nuscenes_mini_subset,0.036594658787849454,0.15,0.13333333333333333
nuscenes_mini_subset,0.03659871503996773,0.15,0.13273809523809524
nuscenes_mini_subset,0.0366938561789201,0.15,0.13214285714285715
nuscenes_mini_subset,0.0367317588626482,0.15,0.13154761904761905
nuscenes_mini_subset,0.03675647664899391,0.15,0.13095238095238096
nuscenes_mini_subset,0.03697781668517717,0.15,0.13035714285714287
nuscenes_mini_subset,0.037045966707959344,0.15,0.12916666666666668
nuscenes_mini_subset,0.03712597794339064,0.15,0.12857142857142856
nuscenes_mini_subset,0.03717541559408008,0.15,0.12797619047619047
nuscenes_mini_subset,0.037177894645707685,0.15,0.12738095238095237
nuscenes_mini_subset,0.0371858741580715,0.15,0.12678571428571428
nuscenes_mini_subset,0.03720747910339612,0.15,0.1261904761904762
nuscenes_mini_subset,0.03732523925070268,0.15,0.1255952380952381
nuscenes_mini_subset,0.03738879897587765,0.15,0.125
nuscenes_mini_subset,0.037412608677092375,0.15,0.1244047619047619
nuscenes_mini_subset,0.03752149161689419,0.15,0.12380952380952381
nuscenes_mini_subset,0.037521506162880275,0.15,0.12321428571428572
nuscenes_mini_subset,0.03756694990139178,0.15,0.12261904761904761
nuscenes_mini_subset,0.037600505413280014,0.15,0.12202380952380952
nuscenes_mini_subset,0.0376487315911288,0.125,0.12202380952380952
nuscenes_mini_subset,0.03765756931667132,0.125,0.12142857142857143
nuscenes_mini_subset,0.03767531126369274,0.125,0.12083333333333333
nuscenes_mini_subset,0.03767917426199595,0.125,0.12023809523809524
nuscenes_mini_subset,0.037710369168143215,0.125,0.11964285714285715
nuscenes_mini_subset,0.0377383598013569,0.125,0.11904761904761904
nuscenes_mini_subset,0.0377599792926676,0.125,0.11845238095238095
nuscenes_mini_subset,0.03779139862260011,0.125,0.11785714285714285
nuscenes_mini_subset,0.03779333531674674,0.125,0.11726190476190476
nuscenes_mini_subset,0.037809051215707025,0.125,0.11666666666666667
nuscenes_mini_subset,0.03794420212837107,0.125,0.11607142857142858
nuscenes_mini_subset,0.03797484428704731,0.125,0.11547619047619048
nuscenes_mini_subset,0.038030123190146814,0.125,0.11488095238095238
nuscenes_mini_subset,0.038041830630943095,0.125,0.11428571428571428
nuscenes_mini_subset,0.03806327557042083,0.125,0.11369047619047619
nuscenes_mini_subset,0.03807302138109434,0.1,0.11369047619047619
nuscenes_mini_subset,0.038094347874685436,0.1,0.1130952380952381
nuscenes_mini_subset,0.038111551620221895,0.1,0.1125
nuscenes_mini_subset,0.038119728542396786,0.1,0.11190476190476191
nuscenes_mini_subset,0.03814893272644913,0.1,0.1113095238095238
nuscenes_mini_subset,0.03816447822957249,0.1,0.11011904761904762
nuscenes_mini_subset,0.038228580312228436,0.1,0.10892857142857143
nuscenes_mini_subset,0.03831774305090198,0.1,0.10833333333333334
nuscenes_mini_subset,0.038331200166023864,0.1,0.10773809523809524
nuscenes_mini_subset,0.03836804307076615,0.1,0.10714285714285714
nuscenes_mini_subset,0.03839625189377102,0.1,0.10654761904761904
nuscenes_mini_subset,0.03842492826632847,0.1,0.10595238095238095
nuscenes_mini_subset,0.038444802239309586,0.1,0.10535714285714286
nuscenes_mini_subset,0.03846074256205511,0.1,0.10476190476190476
nuscenes_mini_subset,0.03849158836453647,0.1,0.10416666666666667
nuscenes_mini_subset,0.03849350427870299,0.1,0.10357142857142858
nuscenes_mini_subset,0.03852177544164821,0.1,0.10297619047619047
nuscenes_mini_subset,0.0385532093175668,0.1,0.10238095238095238
nuscenes_mini_subset,0.03856073374836611,0.1,0.10178571428571428
nuscenes_mini_subset,0.0385878329204329,0.1,0.10119047619047619
nuscenes_mini_subset,0.03864162397695623,0.1,0.1005952380952381
nuscenes_mini_subset,0.0386761499139158,0.1,0.1
nuscenes_mini_subset,0.03867616445990188,0.1,0.0994047619047619
nuscenes_mini_subset,0.03874132216554762,0.1,0.0988095238095238
nuscenes_mini_subset,0.03883661707635284,0.1,0.09821428571428571
nuscenes_mini_subset,0.03884459035472261,0.1,0.09761904761904762
nuscenes_mini_subset,0.0388595789543789,0.1,0.09702380952380953
nuscenes_mini_subset,0.038894751148720014,0.1,0.09642857142857143
nuscenes_mini_subset,0.03897919683190766,0.1,0.09583333333333334
nuscenes_mini_subset,0.03898565317172911,0.1,0.09523809523809523
nuscenes_mini_subset,0.039054098270228904,0.1,0.09464285714285714
nuscenes_mini_subset,0.03906516776563568,0.1,0.09404761904761905
nuscenes_mini_subset,0.03908636542335007,0.1,0.09345238095238095
nuscenes_mini_subset,0.03922089917060472,0.1,0.09285714285714286
nuscenes_mini_subset,0.03922468112698548,0.1,0.09226190476190477
nuscenes_mini_subset,0.039267429702076195,0.1,0.09166666666666666
nuscenes_mini_subset,0.039296484270271714,0.1,0.09107142857142857
nuscenes_mini_subset,0.039364359997316384,0.1,0.09047619047619047
nuscenes_mini_subset,0.039373081354970266,0.1,0.08988095238095238
nuscenes_mini_subset,0.03955670157125043,0.1,0.08928571428571429
nuscenes_mini_subset,0.03967598904709537,0.1,0.0886904761904762
nuscenes_mini_subset,0.03976563388130756,0.1,0.0880952380952381
nuscenes_mini_subset,0.03981038149048525,0.1,0.0875
nuscenes_mini_subset,0.039825284892223076,0.1,0.0869047619047619
nuscenes_mini_subset,0.03995847209676633,0.1,0.08630952380952381
nuscenes_mini_subset,0.03998887320767325,0.1,0.08571428571428572
nuscenes_mini_subset,0.04001961303225603,0.1,0.08511904761904762
nuscenes_mini_subset,0.04004819173890693,0.1,0.08452380952380953
nuscenes_mini_subset,0.04006115636850012,0.1,0.08392857142857142
nuscenes_mini_subset,0.04019219700109759,0.1,0.08333333333333333
nuscenes_mini_subset,0.04019404849732575,0.1,0.08273809523809524
nuscenes_mini_subset,0.040214560415696377,0.1,0.08214285714285714
nuscenes_mini_subset,0.04029932611057778,0.1,0.08154761904761905
nuscenes_mini_subset,0.04036186553872915,0.1,0.08095238095238096
nuscenes_mini_subset,0.04042063547848782,0.1,0.08035714285714286
nuscenes_mini_subset,0.04042784820958542,0.1,0.07976190476190476
nuscenes_mini_subset,0.04049031906380242,0.1,0.07857142857142857
nuscenes_mini_subset,0.0405177818855212,0.1,0.07797619047619048
nuscenes_mini_subset,0.04052717028053675,0.1,0.07738095238095238
nuscenes_mini_subset,0.040530607289247615,0.1,0.07678571428571429
nuscenes_mini_subset,0.0405575776254377,0.1,0.0761904761904762
nuscenes_mini_subset,0.04057489150486876,0.1,0.07559523809523809
nuscenes_mini_subset,0.04058101536500838,0.075,0.07559523809523809
nuscenes_mini_subset,0.04059021050620887,0.075,0.075
nuscenes_mini_subset,0.04066582261985001,0.075,0.0744047619047619
nuscenes_mini_subset,0.040676769513374116,0.075,0.07380952380952381
nuscenes_mini_subset,0.04074330908769745,0.075,0.07321428571428572
nuscenes_mini_subset,0.04076351554036039,0.075,0.07261904761904762
nuscenes_mini_subset,0.04085873564323719,0.075,0.07202380952380952
nuscenes_mini_subset,0.040895029956504465,0.075,0.07142857142857142
nuscenes_mini_subset,0.0409004472973202,0.075,0.07083333333333333
nuscenes_mini_subset,0.04091316672314804,0.075,0.07023809523809524
nuscenes_mini_subset,0.04097254136032804,0.075,0.06964285714285715
nuscenes_mini_subset,0.04098005332313928,0.075,0.06904761904761905
nuscenes_mini_subset,0.040985630669801904,0.05,0.06845238095238096
nuscenes_mini_subset,0.041010961465560984,0.05,0.06785714285714285
nuscenes_mini_subset,0.041016326856426435,0.05,0.06726190476190476
nuscenes_mini_subset,0.04102542848771641,0.05,0.06666666666666667
nuscenes_mini_subset,0.04102854756273154,0.05,0.06607142857142857
nuscenes_mini_subset,0.041047875022235655,0.05,0.06547619047619048
nuscenes_mini_subset,0.04108686242092571,0.05,0.06488095238095239
nuscenes_mini_subset,0.04109866960562654,0.05,0.06428571428571428
nuscenes_mini_subset,0.04110834268636965,0.05,0.06369047619047619
nuscenes_mini_subset,0.041115621913403615,0.05,0.0630952380952381
nuscenes_mini_subset,0.04113017621147553,0.05,0.0625
nuscenes_mini_subset,0.04116375458134189,0.05,0.06190476190476191
nuscenes_mini_subset,0.04121666248871037,0.05,0.06130952380952381
nuscenes_mini_subset,0.04123821756208272,0.05,0.060714285714285714
nuscenes_mini_subset,0.04125441347858365,0.05,0.06011904761904762
nuscenes_mini_subset,0.04129218524843703,0.05,0.05952380952380952
nuscenes_mini_subset,0.04129572615704847,0.05,0.05892857142857143
nuscenes_mini_subset,0.0413046927184677,0.05,0.058333333333333334
nuscenes_mini_subset,0.0413391521594909,0.05,0.05773809523809524
nuscenes_mini_subset,0.04137473995343429,0.05,0.05714285714285714
nuscenes_mini_subset,0.041399838013416096,0.05,0.05654761904761905
nuscenes_mini_subset,0.04141416788770277,0.05,0.055952380952380955
nuscenes_mini_subset,0.041432080230561115,0.05,0.055357142857142855
nuscenes_mini_subset,0.04147681537175073,0.05,0.05476190476190476
nuscenes_mini_subset,0.041485759075191836,0.05,0.05416666666666667
nuscenes_mini_subset,0.041567933506553016,0.05,0.05357142857142857
nuscenes_mini_subset,0.04157507142972221,0.05,0.052976190476190475
nuscenes_mini_subset,0.04157861026033563,0.05,0.05238095238095238
nuscenes_mini_subset,0.04166419260843552,0.025,0.05238095238095238
nuscenes_mini_subset,0.041689116116584365,0.025,0.05178571428571429
nuscenes_mini_subset,0.0416926736491799,0.025,0.050595238095238096
nuscenes_mini_subset,0.04169623118177543,0.025,0.05
nuscenes_mini_subset,0.04170334624696649,0.025,0.0494047619047619
nuscenes_mini_subset,0.04171401884475309,0.025,0.04880952380952381
nuscenes_mini_subset,0.04177790481561586,0.025,0.048214285714285716
nuscenes_mini_subset,0.04177799209153233,0.025,0.047619047619047616
nuscenes_mini_subset,0.04181123798171686,0.025,0.04702380952380952
nuscenes_mini_subset,0.04184535870906421,0.025,0.04642857142857143
nuscenes_mini_subset,0.041849502237098955,0.025,0.04583333333333333
nuscenes_mini_subset,0.041856050008832905,0.025,0.04523809523809524
nuscenes_mini_subset,0.04188615812202021,0.025,0.044642857142857144
nuscenes_mini_subset,0.04194453324215672,0.025,0.04404761904761905
nuscenes_mini_subset,0.04195871973458061,0.025,0.04345238095238095
nuscenes_mini_subset,0.04203290841958394,0.025,0.04285714285714286
nuscenes_mini_subset,0.04209099054200084,0.025,0.042261904761904764
nuscenes_mini_subset,0.04211225469565159,0.025,0.041666666666666664
nuscenes_mini_subset,0.042134892405987875,0.025,0.04107142857142857
nuscenes_mini_subset,0.042170351364054566,0.025,0.04047619047619048
nuscenes_mini_subset,0.04218959362564021,0.025,0.03988095238095238
nuscenes_mini_subset,0.04221254719167424,0.025,0.039285714285714285
nuscenes_mini_subset,0.042230118742858716,0.025,0.03869047619047619
nuscenes_mini_subset,0.04228278768045589,0.025,0.0380952380952381
nuscenes_mini_subset,0.04230532149089161,0.025,0.0375
nuscenes_mini_subset,0.04234413018175269,0.025,0.036904761904761905
nuscenes_mini_subset,0.04242290708636521,0.025,0.03630952380952381
nuscenes_mini_subset,0.042433400976322824,0.025,0.03571428571428571
nuscenes_mini_subset,0.04245437213225397,0.025,0.03511904761904762
nuscenes_mini_subset,0.04248930743482178,0.025,0.034523809523809526
nuscenes_mini_subset,0.04255554985542948,0.025,0.033928571428571426
nuscenes_mini_subset,0.04258868768971742,0.025,0.03333333333333333
nuscenes_mini_subset,0.04263223629404252,0.025,0.03273809523809524
nuscenes_mini_subset,0.042733039977575986,0.025,0.03154761904761905
nuscenes_mini_subset,0.0427590336547007,0.025,0.030952380952380953
nuscenes_mini_subset,0.04276228779958657,0.025,0.030357142857142857
nuscenes_mini_subset,0.04277152657874529,0.025,0.02976190476190476
nuscenes_mini_subset,0.04279895823049391,0.025,0.029166666666666667
nuscenes_mini_subset,0.04285381529999709,0.025,0.02857142857142857
nuscenes_mini_subset,0.04299066393703646,0.025,0.027976190476190477
nuscenes_mini_subset,0.04299265258113338,0.025,0.02738095238095238
nuscenes_mini_subset,0.04305127498303324,0.025,0.026785714285714284
nuscenes_mini_subset,0.04307539430595166,0.025,0.02619047619047619
nuscenes_mini_subset,0.04308917143276731,0.025,0.025595238095238095
nuscenes_mini_subset,0.04310982257700469,0.025,0.025
nuscenes_mini_subset,0.043144225912081585,0.025,0.023809523809523808
nuscenes_mini_subset,0.043191749726602516,0.025,0.023214285714285715
nuscenes_mini_subset,0.043257133934031494,0.025,0.02261904761904762
nuscenes_mini_subset,0.043295271431534894,0.025,0.022023809523809525
nuscenes_mini_subset,0.043415047236912516,0.025,0.02142857142857143
nuscenes_mini_subset,0.04347651857408602,0.025,0.020833333333333332
nuscenes_mini_subset,0.04348802860507121,0.025,0.02023809523809524
nuscenes_mini_subset,0.043578776856227464,0.025,0.018452380952380953
nuscenes_mini_subset,0.04360941070291166,0.025,0.017857142857142856
nuscenes_mini_subset,0.04364001545762369,0.025,0.017261904761904763
nuscenes_mini_subset,0.043648512391492346,0.025,0.016666666666666666
nuscenes_mini_subset,0.04374834564995447,0.025,0.01607142857142857
nuscenes_mini_subset,0.04376505690996223,0.025,0.015476190476190477
nuscenes_mini_subset,0.043792239201949475,0.0,0.015476190476190477
nuscenes_mini_subset,0.04380290140974601,0.0,0.01488095238095238
nuscenes_mini_subset,0.043911160950144405,0.0,0.014285714285714285
nuscenes_mini_subset,0.04391791444368149,0.0,0.01369047619047619
nuscenes_mini_subset,0.043971938235982104,0.0,0.013095238095238096
nuscenes_mini_subset,0.04398859754603957,0.0,0.0125
nuscenes_mini_subset,0.04400055642459523,0.0,0.011904761904761904
nuscenes_mini_subset,0.04400229363093277,0.0,0.01130952380952381
nuscenes_mini_subset,0.04406796460208733,0.0,0.010714285714285714
nuscenes_mini_subset,0.04412687376771277,0.0,0.01011904761904762
nuscenes_mini_subset,0.04413696037006015,0.0,0.009523809523809525
nuscenes_mini_subset,0.04432479061031143,0.0,0.008928571428571428
nuscenes_mini_subset,0.04437163907547864,0.0,0.008333333333333333
nuscenes_mini_subset,0.04455184098503003,0.0,0.007738095238095238
nuscenes_mini_subset,0.044640488380196755,0.0,0.007142857142857143
nuscenes_mini_subset,0.044658271887178386,0.0,0.006547619047619048
nuscenes_mini_subset,0.04487371040900925,0.0,0.005952380952380952
nuscenes_mini_subset,0.04491997495673526,0.0,0.005357142857142857
nuscenes_mini_subset,0.045226105623776054,0.0,0.004761904761904762
nuscenes_mini_subset,0.04534226779061184,0.0,0.004166666666666667
nuscenes_mini_subset,0.04622227293446947,0.0,0.0035714285714285713
nuscenes_mini_subset,0.04630245040974168,0.0,0.002976190476190476
nuscenes_mini_subset,0.047586833966619536,0.0,0.002380952380952381
nuscenes_mini_subset,0.04892008788072971,0.0,0.0017857142857142857
nuscenes_mini_subset,0.05051935255427441,0.0,0.0011904761904761906
nuscenes_mini_subset,0.05120506280606727,0.0,0.0005952380952380953
nuscenes_mini_subset,0.055970691495482755,0.0,0.0
nuscenes_mini_subset,inf,0.0,0.0
synthetic,-inf,1.0,1.0
synthetic,0.014644925233106702,1.0,0.9920634920634921
synthetic,0.015357792476635728,1.0,0.9841269841269841
synthetic,0.0157210020508297,1.0,0.9761904761904762
synthetic,0.016186496310275827,1.0,0.9682539682539683
synthetic,0.0169309638379218,1.0,0.9603174603174603
synthetic,0.01695728184886039,1.0,0.9444444444444444
synthetic,0.017728067387444955,1.0,0.9365079365079365
synthetic,0.01864281508479496,1.0,0.9285714285714286
synthetic,0.019338761559288,1.0,0.9206349206349206
synthetic,0.020040424003198644,1.0,0.8968253968253969
synthetic,0.020407629463420663,1.0,0.8888888888888888
synthetic,0.020811209541783206,1.0,0.7857142857142857
synthetic,0.02081834421245801,0.6666666666666666,0.7857142857142857
synthetic,0.020875245159047245,0.6666666666666666,0.7777777777777778
synthetic,0.020931914555949425,0.6666666666666666,0.7698412698412699
synthetic,0.021101698547752623,0.6666666666666666,0.7619047619047619
synthetic,0.021165046866739208,0.6666666666666666,0.753968253968254
synthetic,0.0213188737772516,0.6666666666666666,0.7380952380952381
synthetic,0.021499251718546372,0.6666666666666666,0.7301587301587301
synthetic,0.02158199508036777,0.6666666666666666,0.6746031746031746
synthetic,0.021643757100228433,0.6666666666666666,0.6666666666666666
synthetic,0.021698431494430077,0.6666666666666666,0.6587301587301587
synthetic,0.021814724568209917,0.6666666666666666,0.6507936507936508
synthetic,0.02227275778218425,0.6666666666666666,0.6428571428571429
synthetic,0.022352780618952333,0.6666666666666666,0.6031746031746031
synthetic,0.02305915491522497,0.6666666666666666,0.5873015873015873
synthetic,0.0231235661575369,0.3333333333333333,0.48412698412698413
synthetic,0.02314922994872476,0.3333333333333333,0.47619047619047616
synthetic,0.023442525483916964,0.3333333333333333,0.46825396825396826
synthetic,0.023531007602585485,0.3333333333333333,0.4603174603174603
synthetic,0.02374470003075979,0.3333333333333333,0.4523809523809524
synthetic,0.02389435169612146,0.3333333333333333,0.40476190476190477
synthetic,0.023912985197763286,0.3333333333333333,0.3968253968253968
synthetic,0.02399339689098995,0.3333333333333333,0.3888888888888889
synthetic,0.02400597922747672,0.3333333333333333,0.38095238095238093
synthetic,0.024048753437920442,0.3333333333333333,0.373015873015873
synthetic,0.024203155179719427,0.3333333333333333,0.36507936507936506
synthetic,0.02437878966028223,0.3333333333333333,0.35714285714285715
synthetic,0.02448381692293885,0.3333333333333333,0.3492063492063492
synthetic,0.024665137234706022,0.0,0.23015873015873015
synthetic,0.02476111200721632,0.0,0.2222222222222222
synthetic,0.024767132299079765,0.0,0.21428571428571427
synthetic,0.025050530003998303,0.0,0.20634920634920634
synthetic,0.0251465047765086,0.0,0.1984126984126984
synthetic,0.025200165497635797,0.0,0.19047619047619047
synthetic,0.025336307892684103,0.0,0.18253968253968253
synthetic,0.025435922773290588,0.0,0.12698412698412698
synthetic,0.025718900013380567,0.0,0.11904761904761904
synthetic,0.026001877253470546,0.0,0.1111111111111111
synthetic,0.02620670831187515,0.0,0.10317460317460317
synthetic,0.02659210108116743,0.0,0.09523809523809523
synthetic,0.027748279389044277,0.0,0.07936507936507936
synthetic,0.027844462923812107,0.0,0.07142857142857142
synthetic,0.029137324644418757,0.0,0.06349206349206349
synthetic,0.029662485215288102,0.0,0.05555555555555555
synthetic,0.030831421543382528,0.0,0.047619047619047616
synthetic,0.03391456369772078,0.0,0.03968253968253968
synthetic,0.03545613477488991,0.0,0.031746031746031744
synthetic,0.03671561511648521,0.0,0.023809523809523808
synthetic,0.040346778779049734,0.0,0.015873015873015872
synthetic,0.04161169429012469,0.0,0.007936507936507936
synthetic,0.04316399016073554,0.0,0.0
synthetic,inf,0.0,0.0
