dataset,frame,split,scene
kitti_mini,000021,calibration,kitti_mini
kitti_mini,000031,calibration,kitti_mini
kitti_mini,000004,calibration,kitti_mini
kitti_mini,000019,calibration,kitti_mini
kitti_mini,000043,calibration,kitti_mini
kitti_mini,000012,calibration,kitti_mini
kitti_mini,000009,calibration,kitti_mini
kitti_mini,000007,calibration,kitti_mini
kitti_mini,000016,calibration,kitti_mini
kitti_mini,000061,calibration,kitti_mini
kitti_mini,000008,test,kitti_mini
kitti_mini,000015,test,kitti_mini
kitti_mini,000023,test,kitti_mini
kitti_mini,000032,test,kitti_mini
kitti_mini,000001,test,kitti_mini
kitti_mini,000010,test,kitti_mini
kitti_mini,000011,test,kitti_mini
kitti_mini,000049,test,kitti_mini
kitti_mini,000025,test,kitti_mini
kitti_mini,000048,test,kitti_mini
nuscenes_mini_subset,scene-0103_036,calibration,scene-0103
nuscenes_mini_subset,scene-0103_025,calibration,scene-0103
nuscenes_mini_subset,scene-0103_033,calibration,scene-0103
nuscenes_mini_subset,scene-0103_008,calibration,scene-0103
nuscenes_mini_subset,scene-0103_028,calibration,scene-0103
nuscenes_mini_subset,scene-0103_034,calibration,scene-0103
nuscenes_mini_subset,scene-0103_032,calibration,scene-0103
nuscenes_mini_subset,scene-0103_010,calibration,scene-0103
nuscenes_mini_subset,scene-0103_017,calibration,scene-0103
nuscenes_mini_subset,scene-0103_015,calibration,scene-0103
nuscenes_mini_subset,scene-0103_009,calibration,scene-0103
nuscenes_mini_subset,scene-0103_018,calibration,scene-0103
nuscenes_mini_subset,scene-0103_027,calibration,scene-0103
nuscenes_mini_subset,scene-0103_004,calibration,scene-0103
nuscenes_mini_subset,scene-0103_019,calibration,scene-0103
nuscenes_mini_subset,scene-0103_037,calibration,scene-0103
nuscenes_mini_subset,scene-0103_012,calibration,scene-0103
nuscenes_mini_subset,scene-0103_013,calibration,scene-0103
nuscenes_mini_subset,scene-0103_007,calibration,scene-0103
nuscenes_mini_subset,scene-0103_023,calibration,scene-0103
nuscenes_mini_subset,scene-0103_002,test,scene-0103
nuscenes_mini_subset,scene-0103_021,test,scene-0103
nuscenes_mini_subset,scene-0103_035,test,scene-0103
nuscenes_mini_subset,scene-0103_003,test,scene-0103
nuscenes_mini_subset,scene-0103_026,test,scene-0103
nuscenes_mini_subset,scene-0103_000,test,scene-0103
nuscenes_mini_subset,scene-0103_011,test,scene-0103
nuscenes_mini_subset,scene-0103_020,test,scene-0103
nuscenes_mini_subset,scene-0103_024,test,scene-0103
nuscenes_mini_subset,scene-0103_030,test,scene-0103
nuscenes_mini_subset,scene-0103_006,test,scene-0103
nuscenes_mini_subset,scene-0103_001,test,scene-0103
nuscenes_mini_subset,scene-0103_014,test,scene-0103
nuscenes_mini_subset,scene-0103_039,test,scene-0103
nuscenes_mini_subset,scene-0103_031,test,scene-0103
nuscenes_mini_subset,scene-0103_005,test,scene-0103
nuscenes_mini_subset,scene-0103_016,test,scene-0103
nuscenes_mini_subset,scene-0103_022,test,scene-0103
nuscenes_mini_subset,scene-0103_038,test,scene-0103
nuscenes_mini_subset,scene-0103_029,test,scene-0103
nuscenes_mini_subset,scene-1094_006,calibration,scene-1094
nuscenes_mini_subset,scene-1094_033,calibration,scene-1094
nuscenes_mini_subset,scene-1094_031,calibration,scene-1094
nuscenes_mini_subset,scene-1094_038,calibration,scene-1094
nuscenes_mini_subset,scene-1094_014,calibration,scene-1094
nuscenes_mini_subset,scene-1094_018,calibration,scene-1094
nuscenes_mini_subset,scene-1094_007,calibration,scene-1094
nuscenes_mini_subset,scene-1094_021,calibration,scene-1094
nuscenes_mini_subset,scene-1094_001,calibration,scene-1094
nuscenes_mini_subset,scene-1094_025,calibration,scene-1094
nuscenes_mini_subset,scene-1094_029,calibration,scene-1094
nuscenes_mini_subset,scene-1094_039,calibration,scene-1094
nuscenes_mini_subset,scene-1094_011,calibration,scene-1094
nuscenes_mini_subset,scene-1094_017,calibration,scene-1094
nuscenes_mini_subset,scene-1094_000,calibration,scene-1094
nuscenes_mini_subset,scene-1094_030,calibration,scene-1094
nuscenes_mini_subset,scene-1094_035,calibration,scene-1094
nuscenes_mini_subset,scene-1094_023,calibration,scene-1094
nuscenes_mini_subset,scene-1094_009,calibration,scene-1094
nuscenes_mini_subset,scene-1094_016,calibration,scene-1094
nuscenes_mini_subset,scene-1094_037,test,scene-1094
nuscenes_mini_subset,scene-1094_013,test,scene-1094
nuscenes_mini_subset,scene-1094_008,test,scene-1094
nuscenes_mini_subset,scene-1094_019,test,scene-1094
nuscenes_mini_subset,scene-1094_032,test,scene-1094
nuscenes_mini_subset,scene-1094_036,test,scene-1094
nuscenes_mini_subset,scene-1094_004,test,scene-1094
nuscenes_mini_subset,scene-1094_028,test,scene-1094
nuscenes_mini_subset,scene-1094_015,test,scene-1094
nuscenes_mini_subset,scene-1094_003,test,scene-1094
nuscenes_mini_subset,scene-1094_022,test,scene-1094
nuscenes_mini_subset,scene-1094_012,test,scene-1094
nuscenes_mini_subset,scene-1094_027,test,scene-1094
nuscenes_mini_subset,scene-1094_005,test,scene-1094
nuscenes_mini_subset,scene-1094_020,test,scene-1094
nuscenes_mini_subset,scene-1094_002,test,scene-1094
nuscenes_mini_subset,scene-1094_010,test,scene-1094
nuscenes_mini_subset,scene-1094_026,test,scene-1094
nuscenes_mini_subset,scene-1094_024,test,scene-1094
nuscenes_mini_subset,scene-1094_034,test,scene-1094
synthetic,000000,calibration,synthetic
synthetic,000004,calibration,synthetic
synthetic,000003,test,synthetic
synthetic,000001,test,synthetic
synthetic,000002,test,synthetic
